gpu,model,held_out,op,bs,seq,n_tokens,kv_cache_len,d,h,kv,ffn,E,k,duration_us
A100,Llama-8B,False,attn,1,128,128,0,4096,32,8,14336,1,1,361.472
A100,Llama-8B,False,ffn,1,128,128,0,4096,32,8,14336,1,1,446.464
A100,Llama-8B,False,norm_pre,1,128,128,0,4096,32,8,14336,1,1,116.736
A100,Llama-8B,False,norm_post,1,128,128,0,4096,32,8,14336,1,1,109.567
A100,Llama-8B,False,attn,1,256,256,0,4096,32,8,14336,1,1,379.904
A100,Llama-8B,False,ffn,1,256,256,0,4096,32,8,14336,1,1,757.759
A100,Llama-8B,False,norm_pre,1,256,256,0,4096,32,8,14336,1,1,115.712
A100,Llama-8B,False,norm_post,1,256,256,0,4096,32,8,14336,1,1,82.943
A100,Llama-8B,False,attn,1,512,512,0,4096,32,8,14336,1,1,533.504
A100,Llama-8B,False,ffn,1,512,512,0,4096,32,8,14336,1,1,1163.264
A100,Llama-8B,False,norm_pre,1,512,512,0,4096,32,8,14336,1,1,116.736
A100,Llama-8B,False,norm_post,1,512,512,0,4096,32,8,14336,1,1,70.656
A100,Llama-8B,False,attn,1,768,768,0,4096,32,8,14336,1,1,512.0
A100,Llama-8B,False,ffn,1,768,768,0,4096,32,8,14336,1,1,1262.591
A100,Llama-8B,False,norm_pre,1,768,768,0,4096,32,8,14336,1,1,114.688
A100,Llama-8B,False,norm_post,1,768,768,0,4096,32,8,14336,1,1,87.039
A100,Llama-8B,False,attn,1,1024,1024,0,4096,32,8,14336,1,1,791.552
A100,Llama-8B,False,ffn,1,1024,1024,0,4096,32,8,14336,1,1,1594.367
A100,Llama-8B,False,norm_pre,1,1024,1024,0,4096,32,8,14336,1,1,135.168
A100,Llama-8B,False,norm_post,1,1024,1024,0,4096,32,8,14336,1,1,116.736
A100,Llama-8B,False,attn,2,128,256,0,4096,32,8,14336,1,1,362.495
A100,Llama-8B,False,ffn,2,128,256,0,4096,32,8,14336,1,1,615.423
A100,Llama-8B,False,norm_pre,2,128,256,0,4096,32,8,14336,1,1,115.712
A100,Llama-8B,False,norm_post,2,128,256,0,4096,32,8,14336,1,1,99.327
A100,Llama-8B,False,attn,2,256,512,0,4096,32,8,14336,1,1,409.599
A100,Llama-8B,False,ffn,2,256,512,0,4096,32,8,14336,1,1,911.36
A100,Llama-8B,False,norm_pre,2,256,512,0,4096,32,8,14336,1,1,117.76
A100,Llama-8B,False,norm_post,2,256,512,0,4096,32,8,14336,1,1,70.656
A100,Llama-8B,False,attn,2,512,1024,0,4096,32,8,14336,1,1,756.735
A100,Llama-8B,False,ffn,2,512,1024,0,4096,32,8,14336,1,1,1591.295
A100,Llama-8B,False,norm_pre,2,512,1024,0,4096,32,8,14336,1,1,136.191
A100,Llama-8B,False,norm_post,2,512,1024,0,4096,32,8,14336,1,1,116.736
A100,Llama-8B,False,attn,4,128,512,0,4096,32,8,14336,1,1,403.456
A100,Llama-8B,False,ffn,4,128,512,0,4096,32,8,14336,1,1,917.504
A100,Llama-8B,False,norm_pre,4,128,512,0,4096,32,8,14336,1,1,115.712
A100,Llama-8B,False,norm_post,4,128,512,0,4096,32,8,14336,1,1,69.632
A100,Llama-8B,False,attn,4,256,1024,0,4096,32,8,14336,1,1,741.375
A100,Llama-8B,False,ffn,4,256,1024,0,4096,32,8,14336,1,1,1591.295
A100,Llama-8B,False,norm_pre,4,256,1024,0,4096,32,8,14336,1,1,136.191
A100,Llama-8B,False,norm_post,4,256,1024,0,4096,32,8,14336,1,1,118.784
A100,Llama-8B,False,attn,4,512,2048,0,4096,32,8,14336,1,1,1205.247
A100,Llama-8B,False,ffn,4,512,2048,0,4096,32,8,14336,1,1,2977.792
A100,Llama-8B,False,norm_pre,4,512,2048,0,4096,32,8,14336,1,1,288.767
A100,Llama-8B,False,norm_post,4,512,2048,0,4096,32,8,14336,1,1,274.432
A100,Llama-8B,False,attn,8,128,1024,0,4096,32,8,14336,1,1,746.496
A100,Llama-8B,False,ffn,8,128,1024,0,4096,32,8,14336,1,1,1605.631
A100,Llama-8B,False,norm_pre,8,128,1024,0,4096,32,8,14336,1,1,136.191
A100,Llama-8B,False,norm_post,8,128,1024,0,4096,32,8,14336,1,1,117.76
A100,Llama-8B,False,attn,8,256,2048,0,4096,32,8,14336,1,1,1189.888
A100,Llama-8B,False,ffn,8,256,2048,0,4096,32,8,14336,1,1,3002.367
A100,Llama-8B,False,norm_pre,8,256,2048,0,4096,32,8,14336,1,1,287.743
A100,Llama-8B,False,norm_post,8,256,2048,0,4096,32,8,14336,1,1,274.432
A100,Llama-8B,False,attn,8,512,4096,0,4096,32,8,14336,1,1,2213.887
A100,Llama-8B,False,ffn,8,512,4096,0,4096,32,8,14336,1,1,5784.575
A100,Llama-8B,False,norm_pre,8,512,4096,0,4096,32,8,14336,1,1,542.72
A100,Llama-8B,False,norm_post,8,512,4096,0,4096,32,8,14336,1,1,529.407
A100,Llama-8B,False,attn,16,128,2048,0,4096,32,8,14336,1,1,1180.672
A100,Llama-8B,False,ffn,16,128,2048,0,4096,32,8,14336,1,1,2970.623
A100,Llama-8B,False,norm_pre,16,128,2048,0,4096,32,8,14336,1,1,289.792
A100,Llama-8B,False,norm_post,16,128,2048,0,4096,32,8,14336,1,1,275.456
A100,Llama-8B,False,attn,16,256,4096,0,4096,32,8,14336,1,1,2166.784
A100,Llama-8B,False,ffn,16,256,4096,0,4096,32,8,14336,1,1,5793.791
A100,Llama-8B,False,norm_pre,16,256,4096,0,4096,32,8,14336,1,1,541.696
A100,Llama-8B,False,norm_post,16,256,4096,0,4096,32,8,14336,1,1,527.36
A100,Llama-8B,False,attn,2,64,128,0,4096,32,8,14336,1,1,353.28
A100,Llama-8B,False,ffn,2,64,128,0,4096,32,8,14336,1,1,409.599
A100,Llama-8B,False,norm_pre,2,64,128,0,4096,32,8,14336,1,1,115.712
A100,Llama-8B,False,norm_post,2,64,128,0,4096,32,8,14336,1,1,113.664
A100,Llama-8B,False,attn,4,64,256,0,4096,32,8,14336,1,1,362.495
A100,Llama-8B,False,ffn,4,64,256,0,4096,32,8,14336,1,1,614.4
A100,Llama-8B,False,norm_pre,4,64,256,0,4096,32,8,14336,1,1,114.688
A100,Llama-8B,False,norm_post,4,64,256,0,4096,32,8,14336,1,1,98.304
A100,Llama-8B,False,attn,8,64,512,0,4096,32,8,14336,1,1,407.552
A100,Llama-8B,False,ffn,8,64,512,0,4096,32,8,14336,1,1,913.407
A100,Llama-8B,False,norm_pre,8,64,512,0,4096,32,8,14336,1,1,114.688
A100,Llama-8B,False,norm_post,8,64,512,0,4096,32,8,14336,1,1,69.632
A100,Llama-70B,True,attn,1,128,128,0,8192,64,8,28672,1,1,514.047
A100,Llama-70B,True,ffn,1,128,128,0,8192,64,8,28672,1,1,1630.208
A100,Llama-70B,True,norm_pre,1,128,128,0,8192,64,8,28672,1,1,114.688
A100,Llama-70B,True,norm_post,1,128,128,0,8192,64,8,28672,1,1,62.463
A100,Llama-70B,True,attn,1,256,256,0,8192,64,8,28672,1,1,605.184
A100,Llama-70B,True,ffn,1,256,256,0,8192,64,8,28672,1,1,1694.72
A100,Llama-70B,True,norm_pre,1,256,256,0,8192,64,8,28672,1,1,116.736
A100,Llama-70B,True,norm_post,1,256,256,0,8192,64,8,28672,1,1,65.535
A100,Llama-70B,True,attn,1,512,512,0,8192,64,8,28672,1,1,1020.928
A100,Llama-70B,True,ffn,1,512,512,0,8192,64,8,28672,1,1,3087.359
A100,Llama-70B,True,norm_pre,1,512,512,0,8192,64,8,28672,1,1,133.12
A100,Llama-70B,True,norm_post,1,512,512,0,8192,64,8,28672,1,1,112.64
A100,Llama-70B,True,attn,1,768,768,0,8192,64,8,28672,1,1,1304.576
A100,Llama-70B,True,ffn,1,768,768,0,8192,64,8,28672,1,1,4609.024
A100,Llama-70B,True,norm_pre,1,768,768,0,8192,64,8,28672,1,1,209.92
A100,Llama-70B,True,norm_post,1,768,768,0,8192,64,8,28672,1,1,194.56
A100,Llama-70B,True,attn,1,1024,1024,0,8192,64,8,28672,1,1,1741.824
A100,Llama-70B,True,ffn,1,1024,1024,0,8192,64,8,28672,1,1,5812.223
A100,Llama-70B,True,norm_pre,1,1024,1024,0,8192,64,8,28672,1,1,292.863
A100,Llama-70B,True,norm_post,1,1024,1024,0,8192,64,8,28672,1,1,277.503
A100,Llama-70B,True,attn,2,128,256,0,8192,64,8,28672,1,1,602.111
A100,Llama-70B,True,ffn,2,128,256,0,8192,64,8,28672,1,1,1696.768
A100,Llama-70B,True,norm_pre,2,128,256,0,8192,64,8,28672,1,1,116.736
A100,Llama-70B,True,norm_post,2,128,256,0,8192,64,8,28672,1,1,65.535
A100,Llama-70B,True,attn,2,256,512,0,8192,64,8,28672,1,1,1007.616
A100,Llama-70B,True,ffn,2,256,512,0,8192,64,8,28672,1,1,3120.127
A100,Llama-70B,True,norm_pre,2,256,512,0,8192,64,8,28672,1,1,134.143
A100,Llama-70B,True,norm_post,2,256,512,0,8192,64,8,28672,1,1,113.664
A100,Llama-70B,True,attn,2,512,1024,0,8192,64,8,28672,1,1,1692.672
A100,Llama-70B,True,ffn,2,512,1024,0,8192,64,8,28672,1,1,5871.615
A100,Llama-70B,True,norm_pre,2,512,1024,0,8192,64,8,28672,1,1,292.863
A100,Llama-70B,True,norm_post,2,512,1024,0,8192,64,8,28672,1,1,277.503
A100,Llama-70B,True,attn,4,128,512,0,8192,64,8,28672,1,1,1003.52
A100,Llama-70B,True,ffn,4,128,512,0,8192,64,8,28672,1,1,3123.199
A100,Llama-70B,True,norm_pre,4,128,512,0,8192,64,8,28672,1,1,134.143
A100,Llama-70B,True,norm_post,4,128,512,0,8192,64,8,28672,1,1,112.64
A100,Llama-70B,True,attn,4,256,1024,0,8192,64,8,28672,1,1,1667.072
A100,Llama-70B,True,ffn,4,256,1024,0,8192,64,8,28672,1,1,5871.615
A100,Llama-70B,True,norm_pre,4,256,1024,0,8192,64,8,28672,1,1,291.839
A100,Llama-70B,True,norm_post,4,256,1024,0,8192,64,8,28672,1,1,277.503
A100,Llama-70B,True,attn,4,512,2048,0,8192,64,8,28672,1,1,3156.991
A100,Llama-70B,True,ffn,4,512,2048,0,8192,64,8,28672,1,1,11257.856
A100,Llama-70B,True,norm_pre,4,512,2048,0,8192,64,8,28672,1,1,546.815
A100,Llama-70B,True,norm_post,4,512,2048,0,8192,64,8,28672,1,1,534.528
A100,Llama-70B,True,attn,8,128,1024,0,8192,64,8,28672,1,1,1661.952
A100,Llama-70B,True,ffn,8,128,1024,0,8192,64,8,28672,1,1,5871.615
A100,Llama-70B,True,norm_pre,8,128,1024,0,8192,64,8,28672,1,1,291.839
A100,Llama-70B,True,norm_post,8,128,1024,0,8192,64,8,28672,1,1,277.503
A100,Llama-70B,True,attn,8,256,2048,0,8192,64,8,28672,1,1,3110.912
A100,Llama-70B,True,ffn,8,256,2048,0,8192,64,8,28672,1,1,11383.808
A100,Llama-70B,True,norm_pre,8,256,2048,0,8192,64,8,28672,1,1,547.839
A100,Llama-70B,True,norm_post,8,256,2048,0,8192,64,8,28672,1,1,534.528
A100,Llama-70B,True,attn,8,512,4096,0,8192,64,8,28672,1,1,6296.576
A100,Llama-70B,True,ffn,8,512,4096,0,8192,64,8,28672,1,1,22732.799
A100,Llama-70B,True,norm_pre,8,512,4096,0,8192,64,8,28672,1,1,1033.215
A100,Llama-70B,True,norm_post,8,512,4096,0,8192,64,8,28672,1,1,1019.904
A100,Llama-70B,True,attn,16,128,2048,0,8192,64,8,28672,1,1,3132.416
A100,Llama-70B,True,ffn,16,128,2048,0,8192,64,8,28672,1,1,11277.312
A100,Llama-70B,True,norm_pre,16,128,2048,0,8192,64,8,28672,1,1,548.864
A100,Llama-70B,True,norm_post,16,128,2048,0,8192,64,8,28672,1,1,535.552
A100,Llama-70B,True,attn,16,256,4096,0,8192,64,8,28672,1,1,6208.511
A100,Llama-70B,True,ffn,16,256,4096,0,8192,64,8,28672,1,1,22730.752
A100,Llama-70B,True,norm_pre,16,256,4096,0,8192,64,8,28672,1,1,1034.24
A100,Llama-70B,True,norm_post,16,256,4096,0,8192,64,8,28672,1,1,1018.88
A100,Llama-70B,True,attn,2,64,128,0,8192,64,8,28672,1,1,465.92
A100,Llama-70B,True,ffn,2,64,128,0,8192,64,8,28672,1,1,1483.775
A100,Llama-70B,True,norm_pre,2,64,128,0,8192,64,8,28672,1,1,113.664
A100,Llama-70B,True,norm_post,2,64,128,0,8192,64,8,28672,1,1,49.152
A100,Llama-70B,True,attn,4,64,256,0,8192,64,8,28672,1,1,609.279
A100,Llama-70B,True,ffn,4,64,256,0,8192,64,8,28672,1,1,1711.104
A100,Llama-70B,True,norm_pre,4,64,256,0,8192,64,8,28672,1,1,115.712
A100,Llama-70B,True,norm_post,4,64,256,0,8192,64,8,28672,1,1,66.56
A100,Llama-70B,True,attn,8,64,512,0,8192,64,8,28672,1,1,1002.496
A100,Llama-70B,True,ffn,8,64,512,0,8192,64,8,28672,1,1,3121.151
A100,Llama-70B,True,norm_pre,8,64,512,0,8192,64,8,28672,1,1,133.12
A100,Llama-70B,True,norm_post,8,64,512,0,8192,64,8,28672,1,1,113.664
A100,Llama-3.3-70B,True,attn,1,128,128,0,8192,64,8,28672,1,1,506.879
A100,Llama-3.3-70B,True,ffn,1,128,128,0,8192,64,8,28672,1,1,1629.184
A100,Llama-3.3-70B,True,norm_pre,1,128,128,0,8192,64,8,28672,1,1,109.567
A100,Llama-3.3-70B,True,norm_post,1,128,128,0,8192,64,8,28672,1,1,49.152
A100,Llama-3.3-70B,True,attn,1,256,256,0,8192,64,8,28672,1,1,599.039
A100,Llama-3.3-70B,True,ffn,1,256,256,0,8192,64,8,28672,1,1,1696.768
A100,Llama-3.3-70B,True,norm_pre,1,256,256,0,8192,64,8,28672,1,1,110.592
A100,Llama-3.3-70B,True,norm_post,1,256,256,0,8192,64,8,28672,1,1,65.535
A100,Llama-3.3-70B,True,attn,1,512,512,0,8192,64,8,28672,1,1,1012.735
A100,Llama-3.3-70B,True,ffn,1,512,512,0,8192,64,8,28672,1,1,3087.359
A100,Llama-3.3-70B,True,norm_pre,1,512,512,0,8192,64,8,28672,1,1,131.071
A100,Llama-3.3-70B,True,norm_post,1,512,512,0,8192,64,8,28672,1,1,112.64
A100,Llama-3.3-70B,True,attn,1,768,768,0,8192,64,8,28672,1,1,1301.504
A100,Llama-3.3-70B,True,ffn,1,768,768,0,8192,64,8,28672,1,1,4658.175
A100,Llama-3.3-70B,True,norm_pre,1,768,768,0,8192,64,8,28672,1,1,207.872
A100,Llama-3.3-70B,True,norm_post,1,768,768,0,8192,64,8,28672,1,1,192.512
A100,Llama-3.3-70B,True,attn,1,1024,1024,0,8192,64,8,28672,1,1,1740.8
A100,Llama-3.3-70B,True,ffn,1,1024,1024,0,8192,64,8,28672,1,1,5870.592
A100,Llama-3.3-70B,True,norm_pre,1,1024,1024,0,8192,64,8,28672,1,1,290.816
A100,Llama-3.3-70B,True,norm_post,1,1024,1024,0,8192,64,8,28672,1,1,276.479
A100,Llama-3.3-70B,True,attn,2,128,256,0,8192,64,8,28672,1,1,599.039
A100,Llama-3.3-70B,True,ffn,2,128,256,0,8192,64,8,28672,1,1,1709.056
A100,Llama-3.3-70B,True,norm_pre,2,128,256,0,8192,64,8,28672,1,1,111.616
A100,Llama-3.3-70B,True,norm_post,2,128,256,0,8192,64,8,28672,1,1,64.511
A100,Llama-3.3-70B,True,attn,2,256,512,0,8192,64,8,28672,1,1,999.423
A100,Llama-3.3-70B,True,ffn,2,256,512,0,8192,64,8,28672,1,1,3120.127
A100,Llama-3.3-70B,True,norm_pre,2,256,512,0,8192,64,8,28672,1,1,132.095
A100,Llama-3.3-70B,True,norm_post,2,256,512,0,8192,64,8,28672,1,1,112.64
A100,Llama-3.3-70B,True,attn,2,512,1024,0,8192,64,8,28672,1,1,1692.672
A100,Llama-3.3-70B,True,ffn,2,512,1024,0,8192,64,8,28672,1,1,5870.592
A100,Llama-3.3-70B,True,norm_pre,2,512,1024,0,8192,64,8,28672,1,1,290.816
A100,Llama-3.3-70B,True,norm_post,2,512,1024,0,8192,64,8,28672,1,1,276.479
A100,Llama-3.3-70B,True,attn,4,128,512,0,8192,64,8,28672,1,1,994.304
A100,Llama-3.3-70B,True,ffn,4,128,512,0,8192,64,8,28672,1,1,3120.127
A100,Llama-3.3-70B,True,norm_pre,4,128,512,0,8192,64,8,28672,1,1,132.095
A100,Llama-3.3-70B,True,norm_post,4,128,512,0,8192,64,8,28672,1,1,112.64
A100,Llama-3.3-70B,True,attn,4,256,1024,0,8192,64,8,28672,1,1,1665.024
A100,Llama-3.3-70B,True,ffn,4,256,1024,0,8192,64,8,28672,1,1,5869.567
A100,Llama-3.3-70B,True,norm_pre,4,256,1024,0,8192,64,8,28672,1,1,290.816
A100,Llama-3.3-70B,True,norm_post,4,256,1024,0,8192,64,8,28672,1,1,276.479
A100,Llama-3.3-70B,True,attn,4,512,2048,0,8192,64,8,28672,1,1,3158.015
A100,Llama-3.3-70B,True,ffn,4,512,2048,0,8192,64,8,28672,1,1,11261.952
A100,Llama-3.3-70B,True,norm_pre,4,512,2048,0,8192,64,8,28672,1,1,546.815
A100,Llama-3.3-70B,True,norm_post,4,512,2048,0,8192,64,8,28672,1,1,535.552
A100,Llama-3.3-70B,True,attn,8,128,1024,0,8192,64,8,28672,1,1,1665.024
A100,Llama-3.3-70B,True,ffn,8,128,1024,0,8192,64,8,28672,1,1,5870.592
A100,Llama-3.3-70B,True,norm_pre,8,128,1024,0,8192,64,8,28672,1,1,290.816
A100,Llama-3.3-70B,True,norm_post,8,128,1024,0,8192,64,8,28672,1,1,277.503
A100,Llama-3.3-70B,True,attn,8,256,2048,0,8192,64,8,28672,1,1,3142.656
A100,Llama-3.3-70B,True,ffn,8,256,2048,0,8192,64,8,28672,1,1,11275.263
A100,Llama-3.3-70B,True,norm_pre,8,256,2048,0,8192,64,8,28672,1,1,546.815
A100,Llama-3.3-70B,True,norm_post,8,256,2048,0,8192,64,8,28672,1,1,534.528
A100,Llama-3.3-70B,True,attn,8,512,4096,0,8192,64,8,28672,1,1,6292.479
A100,Llama-3.3-70B,True,ffn,8,512,4096,0,8192,64,8,28672,1,1,22740.991
A100,Llama-3.3-70B,True,norm_pre,8,512,4096,0,8192,64,8,28672,1,1,1031.167
A100,Llama-3.3-70B,True,norm_post,8,512,4096,0,8192,64,8,28672,1,1,1018.88
A100,Llama-3.3-70B,True,attn,16,128,2048,0,8192,64,8,28672,1,1,3129.343
A100,Llama-3.3-70B,True,ffn,16,128,2048,0,8192,64,8,28672,1,1,11388.928
A100,Llama-3.3-70B,True,norm_pre,16,128,2048,0,8192,64,8,28672,1,1,546.815
A100,Llama-3.3-70B,True,norm_post,16,128,2048,0,8192,64,8,28672,1,1,535.552
A100,Llama-3.3-70B,True,attn,16,256,4096,0,8192,64,8,28672,1,1,6262.784
A100,Llama-3.3-70B,True,ffn,16,256,4096,0,8192,64,8,28672,1,1,22751.232
A100,Llama-3.3-70B,True,norm_pre,16,256,4096,0,8192,64,8,28672,1,1,1032.191
A100,Llama-3.3-70B,True,norm_post,16,256,4096,0,8192,64,8,28672,1,1,1018.88
A100,Llama-3.3-70B,True,attn,2,64,128,0,8192,64,8,28672,1,1,461.823
A100,Llama-3.3-70B,True,ffn,2,64,128,0,8192,64,8,28672,1,1,1483.775
A100,Llama-3.3-70B,True,norm_pre,2,64,128,0,8192,64,8,28672,1,1,109.567
A100,Llama-3.3-70B,True,norm_post,2,64,128,0,8192,64,8,28672,1,1,49.152
A100,Llama-3.3-70B,True,attn,4,64,256,0,8192,64,8,28672,1,1,605.184
A100,Llama-3.3-70B,True,ffn,4,64,256,0,8192,64,8,28672,1,1,1709.056
A100,Llama-3.3-70B,True,norm_pre,4,64,256,0,8192,64,8,28672,1,1,110.592
A100,Llama-3.3-70B,True,norm_post,4,64,256,0,8192,64,8,28672,1,1,65.535
A100,Llama-3.3-70B,True,attn,8,64,512,0,8192,64,8,28672,1,1,1004.544
A100,Llama-3.3-70B,True,ffn,8,64,512,0,8192,64,8,28672,1,1,3123.199
A100,Llama-3.3-70B,True,norm_pre,8,64,512,0,8192,64,8,28672,1,1,132.095
A100,Llama-3.3-70B,True,norm_post,8,64,512,0,8192,64,8,28672,1,1,112.64
A100,Qwen-72B,True,attn,1,128,128,0,8192,64,8,29568,1,1,530.431
A100,Qwen-72B,True,ffn,1,128,128,0,8192,64,8,29568,1,1,1645.568
A100,Qwen-72B,True,norm_pre,1,128,128,0,8192,64,8,29568,1,1,113.664
A100,Qwen-72B,True,norm_post,1,128,128,0,8192,64,8,29568,1,1,48.128
A100,Qwen-72B,True,attn,1,256,256,0,8192,64,8,29568,1,1,623.615
A100,Qwen-72B,True,ffn,1,256,256,0,8192,64,8,29568,1,1,1712.128
A100,Qwen-72B,True,norm_pre,1,256,256,0,8192,64,8,29568,1,1,114.688
A100,Qwen-72B,True,norm_post,1,256,256,0,8192,64,8,29568,1,1,65.535
A100,Qwen-72B,True,attn,1,512,512,0,8192,64,8,29568,1,1,1044.479
A100,Qwen-72B,True,ffn,1,512,512,0,8192,64,8,29568,1,1,3151.871
A100,Qwen-72B,True,norm_pre,1,512,512,0,8192,64,8,29568,1,1,132.095
A100,Qwen-72B,True,norm_post,1,512,512,0,8192,64,8,29568,1,1,112.64
A100,Qwen-72B,True,attn,1,768,768,0,8192,64,8,29568,1,1,1324.031
A100,Qwen-72B,True,ffn,1,768,768,0,8192,64,8,29568,1,1,4706.304
A100,Qwen-72B,True,norm_pre,1,768,768,0,8192,64,8,29568,1,1,209.92
A100,Qwen-72B,True,norm_post,1,768,768,0,8192,64,8,29568,1,1,191.487
A100,Qwen-72B,True,attn,1,1024,1024,0,8192,64,8,29568,1,1,1831.936
A100,Qwen-72B,True,ffn,1,1024,1024,0,8192,64,8,29568,1,1,5939.199
A100,Qwen-72B,True,norm_pre,1,1024,1024,0,8192,64,8,29568,1,1,292.863
A100,Qwen-72B,True,norm_post,1,1024,1024,0,8192,64,8,29568,1,1,276.479
A100,Qwen-72B,True,attn,2,128,256,0,8192,64,8,29568,1,1,623.615
A100,Qwen-72B,True,ffn,2,128,256,0,8192,64,8,29568,1,1,1728.512
A100,Qwen-72B,True,norm_pre,2,128,256,0,8192,64,8,29568,1,1,114.688
A100,Qwen-72B,True,norm_post,2,128,256,0,8192,64,8,29568,1,1,66.56
A100,Qwen-72B,True,attn,2,256,512,0,8192,64,8,29568,1,1,1033.215
A100,Qwen-72B,True,ffn,2,256,512,0,8192,64,8,29568,1,1,3153.919
A100,Qwen-72B,True,norm_pre,2,256,512,0,8192,64,8,29568,1,1,132.095
A100,Qwen-72B,True,norm_post,2,256,512,0,8192,64,8,29568,1,1,112.64
A100,Qwen-72B,True,attn,2,512,1024,0,8192,64,8,29568,1,1,1779.711
A100,Qwen-72B,True,ffn,2,512,1024,0,8192,64,8,29568,1,1,5947.391
A100,Qwen-72B,True,norm_pre,2,512,1024,0,8192,64,8,29568,1,1,291.839
A100,Qwen-72B,True,norm_post,2,512,1024,0,8192,64,8,29568,1,1,279.552
A100,Qwen-72B,True,attn,4,128,512,0,8192,64,8,29568,1,1,1035.264
A100,Qwen-72B,True,ffn,4,128,512,0,8192,64,8,29568,1,1,3151.871
A100,Qwen-72B,True,norm_pre,4,128,512,0,8192,64,8,29568,1,1,132.095
A100,Qwen-72B,True,norm_post,4,128,512,0,8192,64,8,29568,1,1,113.664
A100,Qwen-72B,True,attn,4,256,1024,0,8192,64,8,29568,1,1,1770.496
A100,Qwen-72B,True,ffn,4,256,1024,0,8192,64,8,29568,1,1,5941.247
A100,Qwen-72B,True,norm_pre,4,256,1024,0,8192,64,8,29568,1,1,291.839
A100,Qwen-72B,True,norm_post,4,256,1024,0,8192,64,8,29568,1,1,278.528
A100,Qwen-72B,True,attn,4,512,2048,0,8192,64,8,29568,1,1,3175.424
A100,Qwen-72B,True,ffn,4,512,2048,0,8192,64,8,29568,1,1,11804.672
A100,Qwen-72B,True,norm_pre,4,512,2048,0,8192,64,8,29568,1,1,547.839
A100,Qwen-72B,True,norm_post,4,512,2048,0,8192,64,8,29568,1,1,535.552
A100,Qwen-72B,True,attn,8,128,1024,0,8192,64,8,29568,1,1,1745.919
A100,Qwen-72B,True,ffn,8,128,1024,0,8192,64,8,29568,1,1,5939.199
A100,Qwen-72B,True,norm_pre,8,128,1024,0,8192,64,8,29568,1,1,290.816
A100,Qwen-72B,True,norm_post,8,128,1024,0,8192,64,8,29568,1,1,279.552
A100,Qwen-72B,True,attn,8,256,2048,0,8192,64,8,29568,1,1,3161.087
A100,Qwen-72B,True,ffn,8,256,2048,0,8192,64,8,29568,1,1,11795.455
A100,Qwen-72B,True,norm_pre,8,256,2048,0,8192,64,8,29568,1,1,548.864
A100,Qwen-72B,True,norm_post,8,256,2048,0,8192,64,8,29568,1,1,536.575
A100,Qwen-72B,True,attn,8,512,4096,0,8192,64,8,29568,1,1,6362.112
A100,Qwen-72B,True,ffn,8,512,4096,0,8192,64,8,29568,1,1,23482.368
A100,Qwen-72B,True,norm_pre,8,512,4096,0,8192,64,8,29568,1,1,1034.24
A100,Qwen-72B,True,norm_post,8,512,4096,0,8192,64,8,29568,1,1,1021.952
A100,Qwen-72B,True,attn,16,128,2048,0,8192,64,8,29568,1,1,3113.984
A100,Qwen-72B,True,ffn,16,128,2048,0,8192,64,8,29568,1,1,11937.791
A100,Qwen-72B,True,norm_pre,16,128,2048,0,8192,64,8,29568,1,1,548.864
A100,Qwen-72B,True,norm_post,16,128,2048,0,8192,64,8,29568,1,1,536.575
A100,Qwen-72B,True,attn,16,256,4096,0,8192,64,8,29568,1,1,6269.951
A100,Qwen-72B,True,ffn,16,256,4096,0,8192,64,8,29568,1,1,23468.032
A100,Qwen-72B,True,norm_pre,16,256,4096,0,8192,64,8,29568,1,1,1034.24
A100,Qwen-72B,True,norm_post,16,256,4096,0,8192,64,8,29568,1,1,1021.952
A100,Qwen-72B,True,attn,2,64,128,0,8192,64,8,29568,1,1,481.279
A100,Qwen-72B,True,ffn,2,64,128,0,8192,64,8,29568,1,1,1510.4
A100,Qwen-72B,True,norm_pre,2,64,128,0,8192,64,8,29568,1,1,112.64
A100,Qwen-72B,True,norm_post,2,64,128,0,8192,64,8,29568,1,1,49.152
A100,Qwen-72B,True,attn,4,64,256,0,8192,64,8,29568,1,1,628.736
A100,Qwen-72B,True,ffn,4,64,256,0,8192,64,8,29568,1,1,1727.488
A100,Qwen-72B,True,norm_pre,4,64,256,0,8192,64,8,29568,1,1,113.664
A100,Qwen-72B,True,norm_post,4,64,256,0,8192,64,8,29568,1,1,66.56
A100,Qwen-72B,True,attn,8,64,512,0,8192,64,8,29568,1,1,1038.336
A100,Qwen-72B,True,ffn,8,64,512,0,8192,64,8,29568,1,1,3151.871
A100,Qwen-72B,True,norm_pre,8,64,512,0,8192,64,8,29568,1,1,131.071
A100,Qwen-72B,True,norm_post,8,64,512,0,8192,64,8,29568,1,1,113.664
A100,Qwen3.5-9B,False,ffn,1,128,128,0,4096,16,4,12288,1,1,353.28
A100,Qwen3.5-9B,False,norm_pre,1,128,128,0,4096,16,4,12288,1,1,147.456
A100,Qwen3.5-9B,False,norm_post,1,128,128,0,4096,16,4,12288,1,1,142.335
A100,Qwen3.5-9B,False,ffn,1,256,256,0,4096,16,4,12288,1,1,400.384
A100,Qwen3.5-9B,False,norm_pre,1,256,256,0,4096,16,4,12288,1,1,147.456
A100,Qwen3.5-9B,False,norm_post,1,256,256,0,4096,16,4,12288,1,1,142.335
A100,Qwen3.5-9B,False,ffn,1,512,512,0,4096,16,4,12288,1,1,702.463
A100,Qwen3.5-9B,False,norm_pre,1,512,512,0,4096,16,4,12288,1,1,148.479
A100,Qwen3.5-9B,False,norm_post,1,512,512,0,4096,16,4,12288,1,1,114.688
A100,Qwen3.5-9B,False,ffn,1,768,768,0,4096,16,4,12288,1,1,992.255
A100,Qwen3.5-9B,False,norm_pre,1,768,768,0,4096,16,4,12288,1,1,135.168
A100,Qwen3.5-9B,False,norm_post,1,768,768,0,4096,16,4,12288,1,1,98.304
A100,Qwen3.5-9B,False,ffn,1,1024,1024,0,4096,16,4,12288,1,1,1312.767
A100,Qwen3.5-9B,False,norm_pre,1,1024,1024,0,4096,16,4,12288,1,1,149.504
A100,Qwen3.5-9B,False,norm_post,1,1024,1024,0,4096,16,4,12288,1,1,133.12
A100,Qwen3.5-9B,False,ffn,2,128,256,0,4096,16,4,12288,1,1,398.335
A100,Qwen3.5-9B,False,norm_pre,2,128,256,0,4096,16,4,12288,1,1,149.504
A100,Qwen3.5-9B,False,norm_post,2,128,256,0,4096,16,4,12288,1,1,140.287
A100,Qwen3.5-9B,False,ffn,2,256,512,0,4096,16,4,12288,1,1,703.487
A100,Qwen3.5-9B,False,norm_pre,2,256,512,0,4096,16,4,12288,1,1,147.456
A100,Qwen3.5-9B,False,norm_post,2,256,512,0,4096,16,4,12288,1,1,114.688
A100,Qwen3.5-9B,False,ffn,2,512,1024,0,4096,16,4,12288,1,1,1312.767
A100,Qwen3.5-9B,False,norm_pre,2,512,1024,0,4096,16,4,12288,1,1,151.552
A100,Qwen3.5-9B,False,norm_post,2,512,1024,0,4096,16,4,12288,1,1,133.12
A100,Qwen3.5-9B,False,ffn,4,128,512,0,4096,16,4,12288,1,1,702.463
A100,Qwen3.5-9B,False,norm_pre,4,128,512,0,4096,16,4,12288,1,1,148.479
A100,Qwen3.5-9B,False,norm_post,4,128,512,0,4096,16,4,12288,1,1,116.736
A100,Qwen3.5-9B,False,ffn,4,256,1024,0,4096,16,4,12288,1,1,1313.791
A100,Qwen3.5-9B,False,norm_pre,4,256,1024,0,4096,16,4,12288,1,1,153.6
A100,Qwen3.5-9B,False,norm_post,4,256,1024,0,4096,16,4,12288,1,1,134.143
A100,Qwen3.5-9B,False,ffn,4,512,2048,0,4096,16,4,12288,1,1,2565.119
A100,Qwen3.5-9B,False,norm_pre,4,512,2048,0,4096,16,4,12288,1,1,307.2
A100,Qwen3.5-9B,False,norm_post,4,512,2048,0,4096,16,4,12288,1,1,292.863
A100,Qwen3.5-9B,False,ffn,8,128,1024,0,4096,16,4,12288,1,1,1312.767
A100,Qwen3.5-9B,False,norm_pre,8,128,1024,0,4096,16,4,12288,1,1,152.575
A100,Qwen3.5-9B,False,norm_post,8,128,1024,0,4096,16,4,12288,1,1,133.12
A100,Qwen3.5-9B,False,ffn,8,256,2048,0,4096,16,4,12288,1,1,2566.143
A100,Qwen3.5-9B,False,norm_pre,8,256,2048,0,4096,16,4,12288,1,1,308.223
A100,Qwen3.5-9B,False,norm_post,8,256,2048,0,4096,16,4,12288,1,1,292.863
A100,Qwen3.5-9B,False,ffn,8,512,4096,0,4096,16,4,12288,1,1,4852.735
A100,Qwen3.5-9B,False,norm_pre,8,512,4096,0,4096,16,4,12288,1,1,569.343
A100,Qwen3.5-9B,False,norm_post,8,512,4096,0,4096,16,4,12288,1,1,556.032
A100,Qwen3.5-9B,False,ffn,16,128,2048,0,4096,16,4,12288,1,1,2566.143
A100,Qwen3.5-9B,False,norm_pre,16,128,2048,0,4096,16,4,12288,1,1,307.2
A100,Qwen3.5-9B,False,norm_post,16,128,2048,0,4096,16,4,12288,1,1,292.863
A100,Qwen3.5-9B,False,ffn,16,256,4096,0,4096,16,4,12288,1,1,4856.832
A100,Qwen3.5-9B,False,norm_pre,16,256,4096,0,4096,16,4,12288,1,1,570.367
A100,Qwen3.5-9B,False,norm_post,16,256,4096,0,4096,16,4,12288,1,1,557.056
A100,Qwen3.5-9B,False,ffn,2,64,128,0,4096,16,4,12288,1,1,351.231
A100,Qwen3.5-9B,False,norm_pre,2,64,128,0,4096,16,4,12288,1,1,133.12
A100,Qwen3.5-9B,False,norm_post,2,64,128,0,4096,16,4,12288,1,1,124.927
A100,Qwen3.5-9B,False,ffn,4,64,256,0,4096,16,4,12288,1,1,402.431
A100,Qwen3.5-9B,False,norm_pre,4,64,256,0,4096,16,4,12288,1,1,132.095
A100,Qwen3.5-9B,False,norm_post,4,64,256,0,4096,16,4,12288,1,1,119.808
A100,Qwen3.5-9B,False,ffn,8,64,512,0,4096,16,4,12288,1,1,670.719
A100,Qwen3.5-9B,False,norm_pre,8,64,512,0,4096,16,4,12288,1,1,135.168
A100,Qwen3.5-9B,False,norm_post,8,64,512,0,4096,16,4,12288,1,1,76.8
A100,gpt-oss-20b,False,attn,1,128,128,0,2880,64,8,2880,32,4,589.824
A100,gpt-oss-20b,False,ffn,1,128,128,0,2880,64,8,2880,32,4,2250.751
A100,gpt-oss-20b,False,norm_pre,1,128,128,0,2880,64,8,2880,32,4,115.712
A100,gpt-oss-20b,False,norm_post,1,128,128,0,2880,64,8,2880,32,4,113.664
A100,gpt-oss-20b,False,attn,1,256,256,0,2880,64,8,2880,32,4,602.111
A100,gpt-oss-20b,False,ffn,1,256,256,0,2880,64,8,2880,32,4,2242.559
A100,gpt-oss-20b,False,norm_pre,1,256,256,0,2880,64,8,2880,32,4,116.736
A100,gpt-oss-20b,False,norm_post,1,256,256,0,2880,64,8,2880,32,4,113.664
A100,gpt-oss-20b,False,attn,1,512,512,0,2880,64,8,2880,32,4,1047.551
A100,gpt-oss-20b,False,ffn,1,512,512,0,2880,64,8,2880,32,4,2310.143
A100,gpt-oss-20b,False,norm_pre,1,512,512,0,2880,64,8,2880,32,4,116.736
A100,gpt-oss-20b,False,norm_post,1,512,512,0,2880,64,8,2880,32,4,63.487
A100,gpt-oss-20b,False,attn,1,768,768,0,2880,64,8,2880,32,4,1765.375
A100,gpt-oss-20b,False,ffn,1,768,768,0,2880,64,8,2880,32,4,2626.559
A100,gpt-oss-20b,False,norm_pre,1,768,768,0,2880,64,8,2880,32,4,116.736
A100,gpt-oss-20b,False,norm_post,1,768,768,0,2880,64,8,2880,32,4,74.752
A100,gpt-oss-20b,False,attn,1,1024,1024,0,2880,64,8,2880,32,4,2882.56
A100,gpt-oss-20b,False,ffn,1,1024,1024,0,2880,64,8,2880,32,4,3018.752
A100,gpt-oss-20b,False,norm_pre,1,1024,1024,0,2880,64,8,2880,32,4,119.808
A100,gpt-oss-20b,False,norm_post,1,1024,1024,0,2880,64,8,2880,32,4,87.039
A100,gpt-oss-20b,False,attn,2,128,256,0,2880,64,8,2880,32,4,595.968
A100,gpt-oss-20b,False,ffn,2,128,256,0,2880,64,8,2880,32,4,2242.559
A100,gpt-oss-20b,False,norm_pre,2,128,256,0,2880,64,8,2880,32,4,116.736
A100,gpt-oss-20b,False,norm_post,2,128,256,0,2880,64,8,2880,32,4,113.664
A100,gpt-oss-20b,False,attn,2,256,512,0,2880,64,8,2880,32,4,742.399
A100,gpt-oss-20b,False,ffn,2,256,512,0,2880,64,8,2880,32,4,2366.463
A100,gpt-oss-20b,False,norm_pre,2,256,512,0,2880,64,8,2880,32,4,116.736
A100,gpt-oss-20b,False,norm_post,2,256,512,0,2880,64,8,2880,32,4,63.487
A100,gpt-oss-20b,False,attn,2,512,1024,0,2880,64,8,2880,32,4,1773.568
A100,gpt-oss-20b,False,ffn,2,512,1024,0,2880,64,8,2880,32,4,3026.943
A100,gpt-oss-20b,False,norm_pre,2,512,1024,0,2880,64,8,2880,32,4,118.784
A100,gpt-oss-20b,False,norm_post,2,512,1024,0,2880,64,8,2880,32,4,88.064
A100,gpt-oss-20b,False,attn,4,128,512,0,2880,64,8,2880,32,4,602.111
A100,gpt-oss-20b,False,ffn,4,128,512,0,2880,64,8,2880,32,4,2505.728
A100,gpt-oss-20b,False,norm_pre,4,128,512,0,2880,64,8,2880,32,4,115.712
A100,gpt-oss-20b,False,norm_post,4,128,512,0,2880,64,8,2880,32,4,96.256
A100,gpt-oss-20b,False,attn,4,256,1024,0,2880,64,8,2880,32,4,1238.016
A100,gpt-oss-20b,False,ffn,4,256,1024,0,2880,64,8,2880,32,4,3001.343
A100,gpt-oss-20b,False,norm_pre,4,256,1024,0,2880,64,8,2880,32,4,117.76
A100,gpt-oss-20b,False,norm_post,4,256,1024,0,2880,64,8,2880,32,4,87.039
A100,gpt-oss-20b,False,attn,4,512,2048,0,2880,64,8,2880,32,4,3235.84
A100,gpt-oss-20b,False,ffn,4,512,2048,0,2880,64,8,2880,32,4,4409.344
A100,gpt-oss-20b,False,norm_pre,4,512,2048,0,2880,64,8,2880,32,4,208.895
A100,gpt-oss-20b,False,norm_post,4,512,2048,0,2880,64,8,2880,32,4,195.583
A100,gpt-oss-20b,False,attn,8,128,1024,0,2880,64,8,2880,32,4,943.104
A100,gpt-oss-20b,False,ffn,8,128,1024,0,2880,64,8,2880,32,4,3112.96
A100,gpt-oss-20b,False,norm_pre,8,128,1024,0,2880,64,8,2880,32,4,118.784
A100,gpt-oss-20b,False,norm_post,8,128,1024,0,2880,64,8,2880,32,4,88.064
A100,gpt-oss-20b,False,attn,8,256,2048,0,2880,64,8,2880,32,4,2181.119
A100,gpt-oss-20b,False,ffn,8,256,2048,0,2880,64,8,2880,32,4,4546.559
A100,gpt-oss-20b,False,norm_pre,8,256,2048,0,2880,64,8,2880,32,4,207.872
A100,gpt-oss-20b,False,norm_post,8,256,2048,0,2880,64,8,2880,32,4,195.583
A100,gpt-oss-20b,False,attn,8,512,4096,0,2880,64,8,2880,32,4,6293.504
A100,gpt-oss-20b,False,ffn,8,512,4096,0,2880,64,8,2880,32,4,7591.936
A100,gpt-oss-20b,False,norm_pre,8,512,4096,0,2880,64,8,2880,32,4,419.84
A100,gpt-oss-20b,False,norm_post,8,512,4096,0,2880,64,8,2880,32,4,406.527
A100,gpt-oss-20b,False,attn,16,128,2048,0,2880,64,8,2880,32,4,1660.928
A100,gpt-oss-20b,False,ffn,16,128,2048,0,2880,64,8,2880,32,4,4696.063
A100,gpt-oss-20b,False,norm_pre,16,128,2048,0,2880,64,8,2880,32,4,208.895
A100,gpt-oss-20b,False,norm_post,16,128,2048,0,2880,64,8,2880,32,4,196.608
A100,gpt-oss-20b,False,attn,16,256,4096,0,2880,64,8,2880,32,4,4183.04
A100,gpt-oss-20b,False,ffn,16,256,4096,0,2880,64,8,2880,32,4,7566.336
A100,gpt-oss-20b,False,norm_pre,16,256,4096,0,2880,64,8,2880,32,4,419.84
A100,gpt-oss-20b,False,norm_post,16,256,4096,0,2880,64,8,2880,32,4,405.503
A100,gpt-oss-20b,False,attn,2,64,128,0,2880,64,8,2880,32,4,584.703
A100,gpt-oss-20b,False,ffn,2,64,128,0,2880,64,8,2880,32,4,2219.007
A100,gpt-oss-20b,False,norm_pre,2,64,128,0,2880,64,8,2880,32,4,115.712
A100,gpt-oss-20b,False,norm_post,2,64,128,0,2880,64,8,2880,32,4,113.664
A100,gpt-oss-20b,False,attn,4,64,256,0,2880,64,8,2880,32,4,599.039
A100,gpt-oss-20b,False,ffn,4,64,256,0,2880,64,8,2880,32,4,2276.351
A100,gpt-oss-20b,False,norm_pre,4,64,256,0,2880,64,8,2880,32,4,116.736
A100,gpt-oss-20b,False,norm_post,4,64,256,0,2880,64,8,2880,32,4,114.688
A100,gpt-oss-20b,False,attn,8,64,512,0,2880,64,8,2880,32,4,598.016
A100,gpt-oss-20b,False,ffn,8,64,512,0,2880,64,8,2880,32,4,2462.719
A100,gpt-oss-20b,False,norm_pre,8,64,512,0,2880,64,8,2880,32,4,116.736
A100,gpt-oss-20b,False,norm_post,8,64,512,0,2880,64,8,2880,32,4,100.351
A100,Mixtral,False,attn,1,128,128,0,4096,32,8,14336,8,2,369.664
A100,Mixtral,False,ffn,1,128,128,0,4096,32,8,14336,8,2,3154.943
A100,Mixtral,False,norm_pre,1,128,128,0,4096,32,8,14336,8,2,112.64
A100,Mixtral,False,norm_post,1,128,128,0,4096,32,8,14336,8,2,110.592
A100,Mixtral,False,attn,1,256,256,0,4096,32,8,14336,8,2,367.615
A100,Mixtral,False,ffn,1,256,256,0,4096,32,8,14336,8,2,3457.024
A100,Mixtral,False,norm_pre,1,256,256,0,4096,32,8,14336,8,2,111.616
A100,Mixtral,False,norm_post,1,256,256,0,4096,32,8,14336,8,2,97.28
A100,Mixtral,False,attn,1,512,512,0,4096,32,8,14336,8,2,427.008
A100,Mixtral,False,ffn,1,512,512,0,4096,32,8,14336,8,2,3862.528
A100,Mixtral,False,norm_pre,1,512,512,0,4096,32,8,14336,8,2,112.64
A100,Mixtral,False,norm_post,1,512,512,0,4096,32,8,14336,8,2,70.656
A100,Mixtral,False,attn,1,768,768,0,4096,32,8,14336,8,2,510.976
A100,Mixtral,False,ffn,1,768,768,0,4096,32,8,14336,8,2,4302.847
A100,Mixtral,False,norm_pre,1,768,768,0,4096,32,8,14336,8,2,112.64
A100,Mixtral,False,norm_post,1,768,768,0,4096,32,8,14336,8,2,87.039
A100,Mixtral,False,attn,1,1024,1024,0,4096,32,8,14336,8,2,786.432
A100,Mixtral,False,ffn,1,1024,1024,0,4096,32,8,14336,8,2,4853.759
A100,Mixtral,False,norm_pre,1,1024,1024,0,4096,32,8,14336,8,2,136.191
A100,Mixtral,False,norm_post,1,1024,1024,0,4096,32,8,14336,8,2,117.76
A100,Mixtral,False,attn,2,128,256,0,4096,32,8,14336,8,2,367.615
A100,Mixtral,False,ffn,2,128,256,0,4096,32,8,14336,8,2,3396.608
A100,Mixtral,False,norm_pre,2,128,256,0,4096,32,8,14336,8,2,113.664
A100,Mixtral,False,norm_post,2,128,256,0,4096,32,8,14336,8,2,97.28
A100,Mixtral,False,attn,2,256,512,0,4096,32,8,14336,8,2,413.695
A100,Mixtral,False,ffn,2,256,512,0,4096,32,8,14336,8,2,3883.008
A100,Mixtral,False,norm_pre,2,256,512,0,4096,32,8,14336,8,2,112.64
A100,Mixtral,False,norm_post,2,256,512,0,4096,32,8,14336,8,2,70.656
A100,Mixtral,False,attn,2,512,1024,0,4096,32,8,14336,8,2,756.735
A100,Mixtral,False,ffn,2,512,1024,0,4096,32,8,14336,8,2,4789.247
A100,Mixtral,False,norm_pre,2,512,1024,0,4096,32,8,14336,8,2,136.191
A100,Mixtral,False,norm_post,2,512,1024,0,4096,32,8,14336,8,2,116.736
A100,Mixtral,False,attn,4,128,512,0,4096,32,8,14336,8,2,407.552
A100,Mixtral,False,ffn,4,128,512,0,4096,32,8,14336,8,2,3884.032
A100,Mixtral,False,norm_pre,4,128,512,0,4096,32,8,14336,8,2,111.616
A100,Mixtral,False,norm_post,4,128,512,0,4096,32,8,14336,8,2,70.656
A100,Mixtral,False,attn,4,256,1024,0,4096,32,8,14336,8,2,741.375
A100,Mixtral,False,ffn,4,256,1024,0,4096,32,8,14336,8,2,4920.32
A100,Mixtral,False,norm_pre,4,256,1024,0,4096,32,8,14336,8,2,135.168
A100,Mixtral,False,norm_post,4,256,1024,0,4096,32,8,14336,8,2,116.736
A100,Mixtral,False,attn,4,512,2048,0,4096,32,8,14336,8,2,1211.392
A100,Mixtral,False,ffn,4,512,2048,0,4096,32,8,14336,8,2,7951.36
A100,Mixtral,False,norm_pre,4,512,2048,0,4096,32,8,14336,8,2,285.695
A100,Mixtral,False,norm_post,4,512,2048,0,4096,32,8,14336,8,2,274.432
A100,Mixtral,False,attn,8,128,1024,0,4096,32,8,14336,8,2,734.207
A100,Mixtral,False,ffn,8,128,1024,0,4096,32,8,14336,8,2,5050.367
A100,Mixtral,False,norm_pre,8,128,1024,0,4096,32,8,14336,8,2,137.216
A100,Mixtral,False,norm_post,8,128,1024,0,4096,32,8,14336,8,2,117.76
A100,Mixtral,False,attn,8,256,2048,0,4096,32,8,14336,8,2,1190.912
A100,Mixtral,False,ffn,8,256,2048,0,4096,32,8,14336,8,2,7975.935
A100,Mixtral,False,norm_pre,8,256,2048,0,4096,32,8,14336,8,2,286.72
A100,Mixtral,False,norm_post,8,256,2048,0,4096,32,8,14336,8,2,275.456
A100,Mixtral,False,attn,8,512,4096,0,4096,32,8,14336,8,2,2215.935
A100,Mixtral,False,ffn,8,512,4096,0,4096,32,8,14336,8,2,14614.527
A100,Mixtral,False,norm_pre,8,512,4096,0,4096,32,8,14336,8,2,539.647
A100,Mixtral,False,norm_post,8,512,4096,0,4096,32,8,14336,8,2,529.407
A100,Mixtral,False,attn,16,128,2048,0,4096,32,8,14336,8,2,1192.96
A100,Mixtral,False,ffn,16,128,2048,0,4096,32,8,14336,8,2,8228.863
A100,Mixtral,False,norm_pre,16,128,2048,0,4096,32,8,14336,8,2,286.72
A100,Mixtral,False,norm_post,16,128,2048,0,4096,32,8,14336,8,2,274.432
A100,Mixtral,False,attn,16,256,4096,0,4096,32,8,14336,8,2,2186.239
A100,Mixtral,False,ffn,16,256,4096,0,4096,32,8,14336,8,2,14627.84
A100,Mixtral,False,norm_pre,16,256,4096,0,4096,32,8,14336,8,2,541.696
A100,Mixtral,False,norm_post,16,256,4096,0,4096,32,8,14336,8,2,529.407
A100,Mixtral,False,attn,2,64,128,0,4096,32,8,14336,8,2,361.472
A100,Mixtral,False,ffn,2,64,128,0,4096,32,8,14336,8,2,2998.271
A100,Mixtral,False,norm_pre,2,64,128,0,4096,32,8,14336,8,2,110.592
A100,Mixtral,False,norm_post,2,64,128,0,4096,32,8,14336,8,2,111.616
A100,Mixtral,False,attn,4,64,256,0,4096,32,8,14336,8,2,368.64
A100,Mixtral,False,ffn,4,64,256,0,4096,32,8,14336,8,2,3398.655
A100,Mixtral,False,norm_pre,4,64,256,0,4096,32,8,14336,8,2,110.592
A100,Mixtral,False,norm_post,4,64,256,0,4096,32,8,14336,8,2,96.256
A100,Mixtral,False,attn,8,64,512,0,4096,32,8,14336,8,2,411.648
A100,Mixtral,False,ffn,8,64,512,0,4096,32,8,14336,8,2,3870.719
A100,Mixtral,False,norm_pre,8,64,512,0,4096,32,8,14336,8,2,112.64
A100,Mixtral,False,norm_post,8,64,512,0,4096,32,8,14336,8,2,70.656
RTX3090,Llama-8B,False,attn,1,128,128,0,4096,32,8,14336,1,1,966.656
RTX3090,Llama-8B,False,ffn,1,128,128,0,4096,32,8,14336,1,1,1045.503
RTX3090,Llama-8B,False,norm_pre,1,128,128,0,4096,32,8,14336,1,1,322.56
RTX3090,Llama-8B,False,norm_post,1,128,128,0,4096,32,8,14336,1,1,315.391
RTX3090,Llama-8B,False,attn,1,256,256,0,4096,32,8,14336,1,1,1048.575
RTX3090,Llama-8B,False,ffn,1,256,256,0,4096,32,8,14336,1,1,1486.847
RTX3090,Llama-8B,False,norm_pre,1,256,256,0,4096,32,8,14336,1,1,322.56
RTX3090,Llama-8B,False,norm_post,1,256,256,0,4096,32,8,14336,1,1,287.743
RTX3090,Llama-8B,False,attn,1,512,512,0,4096,32,8,14336,1,1,1178.624
RTX3090,Llama-8B,False,ffn,1,512,512,0,4096,32,8,14336,1,1,2811.903
RTX3090,Llama-8B,False,norm_pre,1,512,512,0,4096,32,8,14336,1,1,325.632
RTX3090,Llama-8B,False,norm_post,1,512,512,0,4096,32,8,14336,1,1,145.408
RTX3090,Llama-8B,False,attn,1,768,768,0,4096,32,8,14336,1,1,1368.064
RTX3090,Llama-8B,False,ffn,1,768,768,0,4096,32,8,14336,1,1,4211.711
RTX3090,Llama-8B,False,norm_pre,1,768,768,0,4096,32,8,14336,1,1,326.656
RTX3090,Llama-8B,False,norm_post,1,768,768,0,4096,32,8,14336,1,1,158.72
RTX3090,Llama-8B,False,attn,1,1024,1024,0,4096,32,8,14336,1,1,1871.871
RTX3090,Llama-8B,False,ffn,1,1024,1024,0,4096,32,8,14336,1,1,5565.44
RTX3090,Llama-8B,False,norm_pre,1,1024,1024,0,4096,32,8,14336,1,1,330.751
RTX3090,Llama-8B,False,norm_post,1,1024,1024,0,4096,32,8,14336,1,1,202.751
RTX3090,Llama-8B,False,attn,2,128,256,0,4096,32,8,14336,1,1,1042.431
RTX3090,Llama-8B,False,ffn,2,128,256,0,4096,32,8,14336,1,1,1494.016
RTX3090,Llama-8B,False,norm_pre,2,128,256,0,4096,32,8,14336,1,1,321.536
RTX3090,Llama-8B,False,norm_post,2,128,256,0,4096,32,8,14336,1,1,285.695
RTX3090,Llama-8B,False,attn,2,256,512,0,4096,32,8,14336,1,1,1182.719
RTX3090,Llama-8B,False,ffn,2,256,512,0,4096,32,8,14336,1,1,2828.288
RTX3090,Llama-8B,False,norm_pre,2,256,512,0,4096,32,8,14336,1,1,325.632
RTX3090,Llama-8B,False,norm_post,2,256,512,0,4096,32,8,14336,1,1,142.335
RTX3090,Llama-8B,False,attn,2,512,1024,0,4096,32,8,14336,1,1,1799.167
RTX3090,Llama-8B,False,ffn,2,512,1024,0,4096,32,8,14336,1,1,5565.44
RTX3090,Llama-8B,False,norm_pre,2,512,1024,0,4096,32,8,14336,1,1,326.656
RTX3090,Llama-8B,False,norm_post,2,512,1024,0,4096,32,8,14336,1,1,201.728
RTX3090,Llama-8B,False,attn,4,128,512,0,4096,32,8,14336,1,1,1180.672
RTX3090,Llama-8B,False,ffn,4,128,512,0,4096,32,8,14336,1,1,2844.671
RTX3090,Llama-8B,False,norm_pre,4,128,512,0,4096,32,8,14336,1,1,323.583
RTX3090,Llama-8B,False,norm_post,4,128,512,0,4096,32,8,14336,1,1,139.264
RTX3090,Llama-8B,False,attn,4,256,1024,0,4096,32,8,14336,1,1,1773.568
RTX3090,Llama-8B,False,ffn,4,256,1024,0,4096,32,8,14336,1,1,5565.44
RTX3090,Llama-8B,False,norm_pre,4,256,1024,0,4096,32,8,14336,1,1,327.679
RTX3090,Llama-8B,False,norm_post,4,256,1024,0,4096,32,8,14336,1,1,201.728
RTX3090,Llama-8B,False,attn,4,512,2048,0,4096,32,8,14336,1,1,3115.008
RTX3090,Llama-8B,False,ffn,4,512,2048,0,4096,32,8,14336,1,1,10249.216
RTX3090,Llama-8B,False,norm_pre,4,512,2048,0,4096,32,8,14336,1,1,427.008
RTX3090,Llama-8B,False,norm_post,4,512,2048,0,4096,32,8,14336,1,1,382.975
RTX3090,Llama-8B,False,attn,8,128,1024,0,4096,32,8,14336,1,1,1754.112
RTX3090,Llama-8B,False,ffn,8,128,1024,0,4096,32,8,14336,1,1,5607.423
RTX3090,Llama-8B,False,norm_pre,8,128,1024,0,4096,32,8,14336,1,1,326.656
RTX3090,Llama-8B,False,norm_post,8,128,1024,0,4096,32,8,14336,1,1,201.728
RTX3090,Llama-8B,False,attn,8,256,2048,0,4096,32,8,14336,1,1,3045.376
RTX3090,Llama-8B,False,ffn,8,256,2048,0,4096,32,8,14336,1,1,10329.088
RTX3090,Llama-8B,False,norm_pre,8,256,2048,0,4096,32,8,14336,1,1,427.008
RTX3090,Llama-8B,False,norm_post,8,256,2048,0,4096,32,8,14336,1,1,382.975
RTX3090,Llama-8B,False,attn,8,512,4096,0,4096,32,8,14336,1,1,6018.047
RTX3090,Llama-8B,False,ffn,8,512,4096,0,4096,32,8,14336,1,1,20819.967
RTX3090,Llama-8B,False,norm_pre,8,512,4096,0,4096,32,8,14336,1,1,793.6
RTX3090,Llama-8B,False,norm_post,8,512,4096,0,4096,32,8,14336,1,1,748.543
RTX3090,Llama-8B,False,attn,16,128,2048,0,4096,32,8,14336,1,1,2989.056
RTX3090,Llama-8B,False,ffn,16,128,2048,0,4096,32,8,14336,1,1,10324.992
RTX3090,Llama-8B,False,norm_pre,16,128,2048,0,4096,32,8,14336,1,1,427.008
RTX3090,Llama-8B,False,norm_post,16,128,2048,0,4096,32,8,14336,1,1,382.975
RTX3090,Llama-8B,False,attn,16,256,4096,0,4096,32,8,14336,1,1,5889.023
RTX3090,Llama-8B,False,ffn,16,256,4096,0,4096,32,8,14336,1,1,20819.967
RTX3090,Llama-8B,False,norm_pre,16,256,4096,0,4096,32,8,14336,1,1,792.576
RTX3090,Llama-8B,False,norm_post,16,256,4096,0,4096,32,8,14336,1,1,748.543
RTX3090,Llama-8B,False,attn,2,64,128,0,4096,32,8,14336,1,1,956.416
RTX3090,Llama-8B,False,ffn,2,64,128,0,4096,32,8,14336,1,1,933.888
RTX3090,Llama-8B,False,norm_pre,2,64,128,0,4096,32,8,14336,1,1,322.56
RTX3090,Llama-8B,False,norm_post,2,64,128,0,4096,32,8,14336,1,1,316.415
RTX3090,Llama-8B,False,attn,4,64,256,0,4096,32,8,14336,1,1,1040.384
RTX3090,Llama-8B,False,ffn,4,64,256,0,4096,32,8,14336,1,1,1508.352
RTX3090,Llama-8B,False,norm_pre,4,64,256,0,4096,32,8,14336,1,1,323.583
RTX3090,Llama-8B,False,norm_post,4,64,256,0,4096,32,8,14336,1,1,289.792
RTX3090,Llama-8B,False,attn,8,64,512,0,4096,32,8,14336,1,1,1181.696
RTX3090,Llama-8B,False,ffn,8,64,512,0,4096,32,8,14336,1,1,2847.743
RTX3090,Llama-8B,False,norm_pre,8,64,512,0,4096,32,8,14336,1,1,326.656
RTX3090,Llama-8B,False,norm_post,8,64,512,0,4096,32,8,14336,1,1,140.287
RTX3090,Llama-70B,True,attn,1,128,128,0,8192,64,8,28672,1,1,1345.535
RTX3090,Llama-70B,True,ffn,1,128,128,0,8192,64,8,28672,1,1,2850.816
RTX3090,Llama-70B,True,norm_pre,1,128,128,0,8192,64,8,28672,1,1,377.855
RTX3090,Llama-70B,True,norm_post,1,128,128,0,8192,64,8,28672,1,1,210.943
RTX3090,Llama-70B,True,attn,1,256,256,0,8192,64,8,28672,1,1,1595.391
RTX3090,Llama-70B,True,ffn,1,256,256,0,8192,64,8,28672,1,1,5217.279
RTX3090,Llama-70B,True,norm_pre,1,256,256,0,8192,64,8,28672,1,1,378.879
RTX3090,Llama-70B,True,norm_post,1,256,256,0,8192,64,8,28672,1,1,108.543
RTX3090,Llama-70B,True,attn,1,512,512,0,8192,64,8,28672,1,1,2973.695
RTX3090,Llama-70B,True,ffn,1,512,512,0,8192,64,8,28672,1,1,11233.28
RTX3090,Llama-70B,True,norm_pre,1,512,512,0,8192,64,8,28672,1,1,381.951
RTX3090,Llama-70B,True,norm_post,1,512,512,0,8192,64,8,28672,1,1,205.824
RTX3090,Llama-70B,True,attn,1,768,768,0,8192,64,8,28672,1,1,3905.535
RTX3090,Llama-70B,True,ffn,1,768,768,0,8192,64,8,28672,1,1,16016.384
RTX3090,Llama-70B,True,norm_pre,1,768,768,0,8192,64,8,28672,1,1,385.024
RTX3090,Llama-70B,True,norm_post,1,768,768,0,8192,64,8,28672,1,1,294.912
RTX3090,Llama-70B,True,attn,1,1024,1024,0,8192,64,8,28672,1,1,5444.608
RTX3090,Llama-70B,True,ffn,1,1024,1024,0,8192,64,8,28672,1,1,20211.711
RTX3090,Llama-70B,True,norm_pre,1,1024,1024,0,8192,64,8,28672,1,1,434.175
RTX3090,Llama-70B,True,norm_post,1,1024,1024,0,8192,64,8,28672,1,1,385.024
RTX3090,Llama-70B,True,attn,2,128,256,0,8192,64,8,28672,1,1,1604.608
RTX3090,Llama-70B,True,ffn,2,128,256,0,8192,64,8,28672,1,1,5300.223
RTX3090,Llama-70B,True,norm_pre,2,128,256,0,8192,64,8,28672,1,1,379.904
RTX3090,Llama-70B,True,norm_post,2,128,256,0,8192,64,8,28672,1,1,108.543
RTX3090,Llama-70B,True,attn,2,256,512,0,8192,64,8,28672,1,1,2978.816
RTX3090,Llama-70B,True,ffn,2,256,512,0,8192,64,8,28672,1,1,11358.207
RTX3090,Llama-70B,True,norm_pre,2,256,512,0,8192,64,8,28672,1,1,380.928
RTX3090,Llama-70B,True,norm_post,2,256,512,0,8192,64,8,28672,1,1,205.824
RTX3090,Llama-70B,True,attn,2,512,1024,0,8192,64,8,28672,1,1,5305.344
RTX3090,Llama-70B,True,ffn,2,512,1024,0,8192,64,8,28672,1,1,20226.047
RTX3090,Llama-70B,True,norm_pre,2,512,1024,0,8192,64,8,28672,1,1,434.175
RTX3090,Llama-70B,True,norm_post,2,512,1024,0,8192,64,8,28672,1,1,384.0
RTX3090,Llama-70B,True,attn,4,128,512,0,8192,64,8,28672,1,1,2939.903
RTX3090,Llama-70B,True,ffn,4,128,512,0,8192,64,8,28672,1,1,11269.12
RTX3090,Llama-70B,True,norm_pre,4,128,512,0,8192,64,8,28672,1,1,384.0
RTX3090,Llama-70B,True,norm_post,4,128,512,0,8192,64,8,28672,1,1,205.824
RTX3090,Llama-70B,True,attn,4,256,1024,0,8192,64,8,28672,1,1,5293.056
RTX3090,Llama-70B,True,ffn,4,256,1024,0,8192,64,8,28672,1,1,20220.928
RTX3090,Llama-70B,True,norm_pre,4,256,1024,0,8192,64,8,28672,1,1,434.175
RTX3090,Llama-70B,True,norm_post,4,256,1024,0,8192,64,8,28672,1,1,384.0
RTX3090,Llama-70B,True,attn,4,512,2048,0,8192,64,8,28672,1,1,10218.496
RTX3090,Llama-70B,True,ffn,4,512,2048,0,8192,64,8,28672,1,1,39915.519
RTX3090,Llama-70B,True,norm_pre,4,512,2048,0,8192,64,8,28672,1,1,792.576
RTX3090,Llama-70B,True,norm_post,4,512,2048,0,8192,64,8,28672,1,1,742.399
RTX3090,Llama-70B,True,attn,8,128,1024,0,8192,64,8,28672,1,1,5250.048
RTX3090,Llama-70B,True,ffn,8,128,1024,0,8192,64,8,28672,1,1,20368.383
RTX3090,Llama-70B,True,norm_pre,8,128,1024,0,8192,64,8,28672,1,1,435.2
RTX3090,Llama-70B,True,norm_post,8,128,1024,0,8192,64,8,28672,1,1,385.024
RTX3090,Llama-70B,True,attn,8,256,2048,0,8192,64,8,28672,1,1,10088.447
RTX3090,Llama-70B,True,ffn,8,256,2048,0,8192,64,8,28672,1,1,39916.545
RTX3090,Llama-70B,True,norm_pre,8,256,2048,0,8192,64,8,28672,1,1,792.576
RTX3090,Llama-70B,True,norm_post,8,256,2048,0,8192,64,8,28672,1,1,742.399
RTX3090,Llama-70B,True,attn,8,512,4096,0,8192,64,8,28672,1,1,19109.888
RTX3090,Llama-70B,True,ffn,8,512,4096,0,8192,64,8,28672,1,1,80423.934
RTX3090,Llama-70B,True,norm_pre,8,512,4096,0,8192,64,8,28672,1,1,1509.376
RTX3090,Llama-70B,True,norm_post,8,512,4096,0,8192,64,8,28672,1,1,1457.152
RTX3090,Llama-70B,True,attn,16,128,2048,0,8192,64,8,28672,1,1,10102.784
RTX3090,Llama-70B,True,ffn,16,128,2048,0,8192,64,8,28672,1,1,40247.295
RTX3090,Llama-70B,True,norm_pre,16,128,2048,0,8192,64,8,28672,1,1,792.576
RTX3090,Llama-70B,True,norm_post,16,128,2048,0,8192,64,8,28672,1,1,742.399
RTX3090,Llama-70B,True,attn,16,256,4096,0,8192,64,8,28672,1,1,18970.624
RTX3090,Llama-70B,True,ffn,16,256,4096,0,8192,64,8,28672,1,1,80782.333
RTX3090,Llama-70B,True,norm_pre,16,256,4096,0,8192,64,8,28672,1,1,1509.376
RTX3090,Llama-70B,True,norm_post,16,256,4096,0,8192,64,8,28672,1,1,1458.176
RTX3090,Llama-70B,True,attn,2,64,128,0,8192,64,8,28672,1,1,1345.535
RTX3090,Llama-70B,True,ffn,2,64,128,0,8192,64,8,28672,1,1,2914.304
RTX3090,Llama-70B,True,norm_pre,2,64,128,0,8192,64,8,28672,1,1,378.879
RTX3090,Llama-70B,True,norm_post,2,64,128,0,8192,64,8,28672,1,1,203.776
RTX3090,Llama-70B,True,attn,4,64,256,0,8192,64,8,28672,1,1,1602.56
RTX3090,Llama-70B,True,ffn,4,64,256,0,8192,64,8,28672,1,1,5299.2
RTX3090,Llama-70B,True,norm_pre,4,64,256,0,8192,64,8,28672,1,1,379.904
RTX3090,Llama-70B,True,norm_post,4,64,256,0,8192,64,8,28672,1,1,108.543
RTX3090,Llama-70B,True,attn,8,64,512,0,8192,64,8,28672,1,1,2958.336
RTX3090,Llama-70B,True,ffn,8,64,512,0,8192,64,8,28672,1,1,11359.231
RTX3090,Llama-70B,True,norm_pre,8,64,512,0,8192,64,8,28672,1,1,382.975
RTX3090,Llama-70B,True,norm_post,8,64,512,0,8192,64,8,28672,1,1,205.824
RTX3090,Qwen-72B,True,attn,1,128,128,0,8192,64,8,29568,1,1,1246.207
RTX3090,Qwen-72B,True,ffn,1,128,128,0,8192,64,8,29568,1,1,3187.711
RTX3090,Qwen-72B,True,norm_pre,1,128,128,0,8192,64,8,29568,1,1,323.583
RTX3090,Qwen-72B,True,norm_post,1,128,128,0,8192,64,8,29568,1,1,142.335
RTX3090,Qwen-72B,True,attn,1,256,256,0,8192,64,8,29568,1,1,1550.336
RTX3090,Qwen-72B,True,ffn,1,256,256,0,8192,64,8,29568,1,1,5317.632
RTX3090,Qwen-72B,True,norm_pre,1,256,256,0,8192,64,8,29568,1,1,325.632
RTX3090,Qwen-72B,True,norm_post,1,256,256,0,8192,64,8,29568,1,1,108.543
RTX3090,Qwen-72B,True,attn,1,512,512,0,8192,64,8,29568,1,1,2994.175
RTX3090,Qwen-72B,True,ffn,1,512,512,0,8192,64,8,29568,1,1,11404.288
RTX3090,Qwen-72B,True,norm_pre,1,512,512,0,8192,64,8,29568,1,1,328.703
RTX3090,Qwen-72B,True,norm_post,1,512,512,0,8192,64,8,29568,1,1,204.799
RTX3090,Qwen-72B,True,attn,1,768,768,0,8192,64,8,29568,1,1,4368.383
RTX3090,Qwen-72B,True,ffn,1,768,768,0,8192,64,8,29568,1,1,16327.68
RTX3090,Qwen-72B,True,norm_pre,1,768,768,0,8192,64,8,29568,1,1,345.088
RTX3090,Qwen-72B,True,norm_post,1,768,768,0,8192,64,8,29568,1,1,294.912
RTX3090,Qwen-72B,True,attn,1,1024,1024,0,8192,64,8,29568,1,1,5645.311
RTX3090,Qwen-72B,True,ffn,1,1024,1024,0,8192,64,8,29568,1,1,21771.263
RTX3090,Qwen-72B,True,norm_pre,1,1024,1024,0,8192,64,8,29568,1,1,429.055
RTX3090,Qwen-72B,True,norm_post,1,1024,1024,0,8192,64,8,29568,1,1,385.024
RTX3090,Qwen-72B,True,attn,2,128,256,0,8192,64,8,29568,1,1,1561.599
RTX3090,Qwen-72B,True,ffn,2,128,256,0,8192,64,8,29568,1,1,5403.647
RTX3090,Qwen-72B,True,norm_pre,2,128,256,0,8192,64,8,29568,1,1,325.632
RTX3090,Qwen-72B,True,norm_post,2,128,256,0,8192,64,8,29568,1,1,108.543
RTX3090,Qwen-72B,True,attn,2,256,512,0,8192,64,8,29568,1,1,3003.391
RTX3090,Qwen-72B,True,ffn,2,256,512,0,8192,64,8,29568,1,1,11588.607
RTX3090,Qwen-72B,True,norm_pre,2,256,512,0,8192,64,8,29568,1,1,328.703
RTX3090,Qwen-72B,True,norm_post,2,256,512,0,8192,64,8,29568,1,1,205.824
RTX3090,Qwen-72B,True,attn,2,512,1024,0,8192,64,8,29568,1,1,5556.223
RTX3090,Qwen-72B,True,ffn,2,512,1024,0,8192,64,8,29568,1,1,21590.015
RTX3090,Qwen-72B,True,norm_pre,2,512,1024,0,8192,64,8,29568,1,1,429.055
RTX3090,Qwen-72B,True,norm_post,2,512,1024,0,8192,64,8,29568,1,1,384.0
RTX3090,Qwen-72B,True,attn,4,128,512,0,8192,64,8,29568,1,1,2981.888
RTX3090,Qwen-72B,True,ffn,4,128,512,0,8192,64,8,29568,1,1,11589.632
RTX3090,Qwen-72B,True,norm_pre,4,128,512,0,8192,64,8,29568,1,1,326.656
RTX3090,Qwen-72B,True,norm_post,4,128,512,0,8192,64,8,29568,1,1,205.824
RTX3090,Qwen-72B,True,attn,4,256,1024,0,8192,64,8,29568,1,1,5492.735
RTX3090,Qwen-72B,True,ffn,4,256,1024,0,8192,64,8,29568,1,1,21602.304
RTX3090,Qwen-72B,True,norm_pre,4,256,1024,0,8192,64,8,29568,1,1,429.055
RTX3090,Qwen-72B,True,norm_post,4,256,1024,0,8192,64,8,29568,1,1,385.024
RTX3090,Qwen-72B,True,attn,4,512,2048,0,8192,64,8,29568,1,1,10494.976
RTX3090,Qwen-72B,True,ffn,4,512,2048,0,8192,64,8,29568,1,1,41519.104
RTX3090,Qwen-72B,True,norm_pre,4,512,2048,0,8192,64,8,29568,1,1,787.455
RTX3090,Qwen-72B,True,norm_post,4,512,2048,0,8192,64,8,29568,1,1,742.399
RTX3090,Qwen-72B,True,attn,8,128,1024,0,8192,64,8,29568,1,1,5445.631
RTX3090,Qwen-72B,True,ffn,8,128,1024,0,8192,64,8,29568,1,1,21592.063
RTX3090,Qwen-72B,True,norm_pre,8,128,1024,0,8192,64,8,29568,1,1,429.055
RTX3090,Qwen-72B,True,norm_post,8,128,1024,0,8192,64,8,29568,1,1,384.0
RTX3090,Qwen-72B,True,attn,8,256,2048,0,8192,64,8,29568,1,1,10351.615
RTX3090,Qwen-72B,True,ffn,8,256,2048,0,8192,64,8,29568,1,1,41689.086
RTX3090,Qwen-72B,True,norm_pre,8,256,2048,0,8192,64,8,29568,1,1,787.455
RTX3090,Qwen-72B,True,norm_post,8,256,2048,0,8192,64,8,29568,1,1,743.423
RTX3090,Qwen-72B,True,attn,8,512,4096,0,8192,64,8,29568,1,1,19654.655
RTX3090,Qwen-72B,True,ffn,8,512,4096,0,8192,64,8,29568,1,1,84248.573
RTX3090,Qwen-72B,True,norm_pre,8,512,4096,0,8192,64,8,29568,1,1,1502.207
RTX3090,Qwen-72B,True,norm_post,8,512,4096,0,8192,64,8,29568,1,1,1457.152
RTX3090,Qwen-72B,True,attn,16,128,2048,0,8192,64,8,29568,1,1,10299.391
RTX3090,Qwen-72B,True,ffn,16,128,2048,0,8192,64,8,29568,1,1,41854.976
RTX3090,Qwen-72B,True,norm_pre,16,128,2048,0,8192,64,8,29568,1,1,787.455
RTX3090,Qwen-72B,True,norm_post,16,128,2048,0,8192,64,8,29568,1,1,742.399
RTX3090,Qwen-72B,True,attn,16,256,4096,0,8192,64,8,29568,1,1,19437.568
RTX3090,Qwen-72B,True,ffn,16,256,4096,0,8192,64,8,29568,1,1,84331.52
RTX3090,Qwen-72B,True,norm_pre,16,256,4096,0,8192,64,8,29568,1,1,1503.232
RTX3090,Qwen-72B,True,norm_post,16,256,4096,0,8192,64,8,29568,1,1,1457.152
RTX3090,Qwen-72B,True,attn,2,64,128,0,8192,64,8,29568,1,1,1227.776
RTX3090,Qwen-72B,True,ffn,2,64,128,0,8192,64,8,29568,1,1,2994.175
RTX3090,Qwen-72B,True,norm_pre,2,64,128,0,8192,64,8,29568,1,1,324.607
RTX3090,Qwen-72B,True,norm_post,2,64,128,0,8192,64,8,29568,1,1,129.023
RTX3090,Qwen-72B,True,attn,4,64,256,0,8192,64,8,29568,1,1,1566.72
RTX3090,Qwen-72B,True,ffn,4,64,256,0,8192,64,8,29568,1,1,5447.679
RTX3090,Qwen-72B,True,norm_pre,4,64,256,0,8192,64,8,29568,1,1,326.656
RTX3090,Qwen-72B,True,norm_post,4,64,256,0,8192,64,8,29568,1,1,108.543
RTX3090,Qwen-72B,True,attn,8,64,512,0,8192,64,8,29568,1,1,3003.391
RTX3090,Qwen-72B,True,ffn,8,64,512,0,8192,64,8,29568,1,1,11590.656
RTX3090,Qwen-72B,True,norm_pre,8,64,512,0,8192,64,8,29568,1,1,328.703
RTX3090,Qwen-72B,True,norm_post,8,64,512,0,8192,64,8,29568,1,1,205.824
RTX3090,Qwen3.5-9B,False,ffn,1,128,128,0,4096,16,4,12288,1,1,809.984
RTX3090,Qwen3.5-9B,False,norm_pre,1,128,128,0,4096,16,4,12288,1,1,289.792
RTX3090,Qwen3.5-9B,False,norm_post,1,128,128,0,4096,16,4,12288,1,1,281.599
RTX3090,Qwen3.5-9B,False,ffn,1,256,256,0,4096,16,4,12288,1,1,1862.655
RTX3090,Qwen3.5-9B,False,norm_pre,1,256,256,0,4096,16,4,12288,1,1,287.743
RTX3090,Qwen3.5-9B,False,norm_post,1,256,256,0,4096,16,4,12288,1,1,220.159
RTX3090,Qwen3.5-9B,False,ffn,1,512,512,0,4096,16,4,12288,1,1,2388.992
RTX3090,Qwen3.5-9B,False,norm_pre,1,512,512,0,4096,16,4,12288,1,1,377.855
RTX3090,Qwen3.5-9B,False,norm_post,1,512,512,0,4096,16,4,12288,1,1,181.247
RTX3090,Qwen3.5-9B,False,ffn,1,768,768,0,4096,16,4,12288,1,1,3995.647
RTX3090,Qwen3.5-9B,False,norm_pre,1,768,768,0,4096,16,4,12288,1,1,379.904
RTX3090,Qwen3.5-9B,False,norm_post,1,768,768,0,4096,16,4,12288,1,1,181.247
RTX3090,Qwen3.5-9B,False,ffn,1,1024,1024,0,4096,16,4,12288,1,1,4561.92
RTX3090,Qwen3.5-9B,False,norm_pre,1,1024,1024,0,4096,16,4,12288,1,1,386.047
RTX3090,Qwen3.5-9B,False,norm_post,1,1024,1024,0,4096,16,4,12288,1,1,227.328
RTX3090,Qwen3.5-9B,False,ffn,2,128,256,0,4096,16,4,12288,1,1,1897.472
RTX3090,Qwen3.5-9B,False,norm_pre,2,128,256,0,4096,16,4,12288,1,1,294.912
RTX3090,Qwen3.5-9B,False,norm_post,2,128,256,0,4096,16,4,12288,1,1,339.967
RTX3090,Qwen3.5-9B,False,ffn,2,256,512,0,4096,16,4,12288,1,1,2542.592
RTX3090,Qwen3.5-9B,False,norm_pre,2,256,512,0,4096,16,4,12288,1,1,384.0
RTX3090,Qwen3.5-9B,False,norm_post,2,256,512,0,4096,16,4,12288,1,1,193.535
RTX3090,Qwen3.5-9B,False,ffn,2,512,1024,0,4096,16,4,12288,1,1,4557.824
RTX3090,Qwen3.5-9B,False,norm_pre,2,512,1024,0,4096,16,4,12288,1,1,381.951
RTX3090,Qwen3.5-9B,False,norm_post,2,512,1024,0,4096,16,4,12288,1,1,226.303
RTX3090,Qwen3.5-9B,False,ffn,4,128,512,0,4096,16,4,12288,1,1,2371.583
RTX3090,Qwen3.5-9B,False,norm_pre,4,128,512,0,4096,16,4,12288,1,1,376.832
RTX3090,Qwen3.5-9B,False,norm_post,4,128,512,0,4096,16,4,12288,1,1,215.039
RTX3090,Qwen3.5-9B,False,ffn,4,256,1024,0,4096,16,4,12288,1,1,4558.847
RTX3090,Qwen3.5-9B,False,norm_pre,4,256,1024,0,4096,16,4,12288,1,1,385.024
RTX3090,Qwen3.5-9B,False,norm_post,4,256,1024,0,4096,16,4,12288,1,1,225.28
RTX3090,Qwen3.5-9B,False,ffn,4,512,2048,0,4096,16,4,12288,1,1,8659.968
RTX3090,Qwen3.5-9B,False,norm_pre,4,512,2048,0,4096,16,4,12288,1,1,462.848
RTX3090,Qwen3.5-9B,False,norm_post,4,512,2048,0,4096,16,4,12288,1,1,423.936
RTX3090,Qwen3.5-9B,False,ffn,8,128,1024,0,4096,16,4,12288,1,1,4591.616
RTX3090,Qwen3.5-9B,False,norm_pre,8,128,1024,0,4096,16,4,12288,1,1,377.855
RTX3090,Qwen3.5-9B,False,norm_post,8,128,1024,0,4096,16,4,12288,1,1,226.303
RTX3090,Qwen3.5-9B,False,ffn,8,256,2048,0,4096,16,4,12288,1,1,8714.24
RTX3090,Qwen3.5-9B,False,norm_pre,8,256,2048,0,4096,16,4,12288,1,1,462.848
RTX3090,Qwen3.5-9B,False,norm_post,8,256,2048,0,4096,16,4,12288,1,1,423.936
RTX3090,Qwen3.5-9B,False,ffn,8,512,4096,0,4096,16,4,12288,1,1,17636.352
RTX3090,Qwen3.5-9B,False,norm_pre,8,512,4096,0,4096,16,4,12288,1,1,866.303
RTX3090,Qwen3.5-9B,False,norm_post,8,512,4096,0,4096,16,4,12288,1,1,827.391
RTX3090,Qwen3.5-9B,False,ffn,16,128,2048,0,4096,16,4,12288,1,1,8720.383
RTX3090,Qwen3.5-9B,False,norm_pre,16,128,2048,0,4096,16,4,12288,1,1,461.823
RTX3090,Qwen3.5-9B,False,norm_post,16,128,2048,0,4096,16,4,12288,1,1,423.936
RTX3090,Qwen3.5-9B,False,ffn,16,256,4096,0,4096,16,4,12288,1,1,17405.952
RTX3090,Qwen3.5-9B,False,norm_pre,16,256,4096,0,4096,16,4,12288,1,1,866.303
RTX3090,Qwen3.5-9B,False,norm_post,16,256,4096,0,4096,16,4,12288,1,1,827.391
RTX3090,Qwen3.5-9B,False,ffn,2,64,128,0,4096,16,4,12288,1,1,733.183
RTX3090,Qwen3.5-9B,False,norm_pre,2,64,128,0,4096,16,4,12288,1,1,376.832
RTX3090,Qwen3.5-9B,False,norm_post,2,64,128,0,4096,16,4,12288,1,1,366.591
RTX3090,Qwen3.5-9B,False,ffn,4,64,256,0,4096,16,4,12288,1,1,1893.375
RTX3090,Qwen3.5-9B,False,norm_pre,4,64,256,0,4096,16,4,12288,1,1,375.808
RTX3090,Qwen3.5-9B,False,norm_post,4,64,256,0,4096,16,4,12288,1,1,334.847
RTX3090,Qwen3.5-9B,False,ffn,8,64,512,0,4096,16,4,12288,1,1,2391.04
RTX3090,Qwen3.5-9B,False,norm_pre,8,64,512,0,4096,16,4,12288,1,1,387.071
RTX3090,Qwen3.5-9B,False,norm_post,8,64,512,0,4096,16,4,12288,1,1,223.232
RTX3090,gpt-oss-20b,False,attn,1,128,128,0,2880,64,8,2880,32,4,1673.215
RTX3090,gpt-oss-20b,False,ffn,1,128,128,0,2880,64,8,2880,32,4,4344.831
RTX3090,gpt-oss-20b,False,norm_pre,1,128,128,0,2880,64,8,2880,32,4,333.824
RTX3090,gpt-oss-20b,False,norm_post,1,128,128,0,2880,64,8,2880,32,4,325.632
RTX3090,gpt-oss-20b,False,attn,1,256,256,0,2880,64,8,2880,32,4,1692.672
RTX3090,gpt-oss-20b,False,ffn,1,256,256,0,2880,64,8,2880,32,4,4489.215
RTX3090,gpt-oss-20b,False,norm_pre,1,256,256,0,2880,64,8,2880,32,4,333.824
RTX3090,gpt-oss-20b,False,norm_post,1,256,256,0,2880,64,8,2880,32,4,327.679
RTX3090,gpt-oss-20b,False,attn,1,512,512,0,2880,64,8,2880,32,4,2085.887
RTX3090,gpt-oss-20b,False,ffn,1,512,512,0,2880,64,8,2880,32,4,5028.863
RTX3090,gpt-oss-20b,False,norm_pre,1,512,512,0,2880,64,8,2880,32,4,334.847
RTX3090,gpt-oss-20b,False,norm_post,1,512,512,0,2880,64,8,2880,32,4,86.015
RTX3090,gpt-oss-20b,False,attn,1,768,768,0,2880,64,8,2880,32,4,2918.4
RTX3090,gpt-oss-20b,False,ffn,1,768,768,0,2880,64,8,2880,32,4,5515.264
RTX3090,gpt-oss-20b,False,norm_pre,1,768,768,0,2880,64,8,2880,32,4,336.896
RTX3090,gpt-oss-20b,False,norm_post,1,768,768,0,2880,64,8,2880,32,4,125.952
RTX3090,gpt-oss-20b,False,attn,1,1024,1024,0,2880,64,8,2880,32,4,4602.88
RTX3090,gpt-oss-20b,False,ffn,1,1024,1024,0,2880,64,8,2880,32,4,7087.103
RTX3090,gpt-oss-20b,False,norm_pre,1,1024,1024,0,2880,64,8,2880,32,4,339.967
RTX3090,gpt-oss-20b,False,norm_post,1,1024,1024,0,2880,64,8,2880,32,4,160.768
RTX3090,gpt-oss-20b,False,attn,2,128,256,0,2880,64,8,2880,32,4,1701.887
RTX3090,gpt-oss-20b,False,ffn,2,128,256,0,2880,64,8,2880,32,4,4509.696
RTX3090,gpt-oss-20b,False,norm_pre,2,128,256,0,2880,64,8,2880,32,4,332.8
RTX3090,gpt-oss-20b,False,norm_post,2,128,256,0,2880,64,8,2880,32,4,327.679
RTX3090,gpt-oss-20b,False,attn,2,256,512,0,2880,64,8,2880,32,4,1873.919
RTX3090,gpt-oss-20b,False,ffn,2,256,512,0,2880,64,8,2880,32,4,5076.992
RTX3090,gpt-oss-20b,False,norm_pre,2,256,512,0,2880,64,8,2880,32,4,335.871
RTX3090,gpt-oss-20b,False,norm_post,2,256,512,0,2880,64,8,2880,32,4,178.176
RTX3090,gpt-oss-20b,False,attn,2,512,1024,0,2880,64,8,2880,32,4,3044.352
RTX3090,gpt-oss-20b,False,ffn,2,512,1024,0,2880,64,8,2880,32,4,7278.592
RTX3090,gpt-oss-20b,False,norm_pre,2,512,1024,0,2880,64,8,2880,32,4,338.943
RTX3090,gpt-oss-20b,False,norm_post,2,512,1024,0,2880,64,8,2880,32,4,161.791
RTX3090,gpt-oss-20b,False,attn,4,128,512,0,2880,64,8,2880,32,4,1872.895
RTX3090,gpt-oss-20b,False,ffn,4,128,512,0,2880,64,8,2880,32,4,4880.383
RTX3090,gpt-oss-20b,False,norm_pre,4,128,512,0,2880,64,8,2880,32,4,336.896
RTX3090,gpt-oss-20b,False,norm_post,4,128,512,0,2880,64,8,2880,32,4,177.151
RTX3090,gpt-oss-20b,False,attn,4,256,1024,0,2880,64,8,2880,32,4,2410.495
RTX3090,gpt-oss-20b,False,ffn,4,256,1024,0,2880,64,8,2880,32,4,6559.743
RTX3090,gpt-oss-20b,False,norm_pre,4,256,1024,0,2880,64,8,2880,32,4,339.967
RTX3090,gpt-oss-20b,False,norm_post,4,256,1024,0,2880,64,8,2880,32,4,161.791
RTX3090,gpt-oss-20b,False,attn,4,512,2048,0,2880,64,8,2880,32,4,4883.456
RTX3090,gpt-oss-20b,False,ffn,4,512,2048,0,2880,64,8,2880,32,4,11401.215
RTX3090,gpt-oss-20b,False,norm_pre,4,512,2048,0,2880,64,8,2880,32,4,372.736
RTX3090,gpt-oss-20b,False,norm_post,4,512,2048,0,2880,64,8,2880,32,4,303.104
RTX3090,gpt-oss-20b,False,attn,8,128,1024,0,2880,64,8,2880,32,4,2159.615
RTX3090,gpt-oss-20b,False,ffn,8,128,1024,0,2880,64,8,2880,32,4,7293.951
RTX3090,gpt-oss-20b,False,norm_pre,8,128,1024,0,2880,64,8,2880,32,4,336.896
RTX3090,gpt-oss-20b,False,norm_post,8,128,1024,0,2880,64,8,2880,32,4,160.768
RTX3090,gpt-oss-20b,False,attn,8,256,2048,0,2880,64,8,2880,32,4,3634.176
RTX3090,gpt-oss-20b,False,ffn,8,256,2048,0,2880,64,8,2880,32,4,11002.88
RTX3090,gpt-oss-20b,False,norm_pre,8,256,2048,0,2880,64,8,2880,32,4,372.736
RTX3090,gpt-oss-20b,False,norm_post,8,256,2048,0,2880,64,8,2880,32,4,302.08
RTX3090,gpt-oss-20b,False,attn,8,512,4096,0,2880,64,8,2880,32,4,9646.08
RTX3090,gpt-oss-20b,False,ffn,8,512,4096,0,2880,64,8,2880,32,4,20525.056
RTX3090,gpt-oss-20b,False,norm_pre,8,512,4096,0,2880,64,8,2880,32,4,633.855
RTX3090,gpt-oss-20b,False,norm_post,8,512,4096,0,2880,64,8,2880,32,4,587.776
RTX3090,gpt-oss-20b,False,attn,16,128,2048,0,2880,64,8,2880,32,4,2964.479
RTX3090,gpt-oss-20b,False,ffn,16,128,2048,0,2880,64,8,2880,32,4,11079.68
RTX3090,gpt-oss-20b,False,norm_pre,16,128,2048,0,2880,64,8,2880,32,4,372.736
RTX3090,gpt-oss-20b,False,norm_post,16,128,2048,0,2880,64,8,2880,32,4,303.104
RTX3090,gpt-oss-20b,False,attn,16,256,4096,0,2880,64,8,2880,32,4,7006.207
RTX3090,gpt-oss-20b,False,ffn,16,256,4096,0,2880,64,8,2880,32,4,20779.008
RTX3090,gpt-oss-20b,False,norm_pre,16,256,4096,0,2880,64,8,2880,32,4,632.831
RTX3090,gpt-oss-20b,False,norm_post,16,256,4096,0,2880,64,8,2880,32,4,586.751
RTX3090,gpt-oss-20b,False,attn,2,64,128,0,2880,64,8,2880,32,4,1673.215
RTX3090,gpt-oss-20b,False,ffn,2,64,128,0,2880,64,8,2880,32,4,4292.607
RTX3090,gpt-oss-20b,False,norm_pre,2,64,128,0,2880,64,8,2880,32,4,333.824
RTX3090,gpt-oss-20b,False,norm_post,2,64,128,0,2880,64,8,2880,32,4,329.728
RTX3090,gpt-oss-20b,False,attn,4,64,256,0,2880,64,8,2880,32,4,1694.72
RTX3090,gpt-oss-20b,False,ffn,4,64,256,0,2880,64,8,2880,32,4,4494.336
RTX3090,gpt-oss-20b,False,norm_pre,4,64,256,0,2880,64,8,2880,32,4,332.8
RTX3090,gpt-oss-20b,False,norm_post,4,64,256,0,2880,64,8,2880,32,4,328.703
RTX3090,gpt-oss-20b,False,attn,8,64,512,0,2880,64,8,2880,32,4,1876.991
RTX3090,gpt-oss-20b,False,ffn,8,64,512,0,2880,64,8,2880,32,4,4897.791
RTX3090,gpt-oss-20b,False,norm_pre,8,64,512,0,2880,64,8,2880,32,4,335.871
RTX3090,gpt-oss-20b,False,norm_post,8,64,512,0,2880,64,8,2880,32,4,176.128
RTX3090,Mixtral,False,attn,1,128,128,0,4096,32,8,14336,8,2,978.944
RTX3090,Mixtral,False,ffn,1,128,128,0,4096,32,8,14336,8,2,5059.584
RTX3090,Mixtral,False,norm_pre,1,128,128,0,4096,32,8,14336,8,2,325.632
RTX3090,Mixtral,False,norm_post,1,128,128,0,4096,32,8,14336,8,2,319.487
RTX3090,Mixtral,False,attn,1,256,256,0,4096,32,8,14336,8,2,1056.767
RTX3090,Mixtral,False,ffn,1,256,256,0,4096,32,8,14336,8,2,6094.848
RTX3090,Mixtral,False,norm_pre,1,256,256,0,4096,32,8,14336,8,2,326.656
RTX3090,Mixtral,False,norm_post,1,256,256,0,4096,32,8,14336,8,2,292.863
RTX3090,Mixtral,False,attn,1,512,512,0,4096,32,8,14336,8,2,1212.416
RTX3090,Mixtral,False,ffn,1,512,512,0,4096,32,8,14336,8,2,8212.479
RTX3090,Mixtral,False,norm_pre,1,512,512,0,4096,32,8,14336,8,2,327.679
RTX3090,Mixtral,False,norm_post,1,512,512,0,4096,32,8,14336,8,2,139.264
RTX3090,Mixtral,False,attn,1,768,768,0,4096,32,8,14336,8,2,1413.12
RTX3090,Mixtral,False,ffn,1,768,768,0,4096,32,8,14336,8,2,11746.303
RTX3090,Mixtral,False,norm_pre,1,768,768,0,4096,32,8,14336,8,2,330.751
RTX3090,Mixtral,False,norm_post,1,768,768,0,4096,32,8,14336,8,2,158.72
RTX3090,Mixtral,False,attn,1,1024,1024,0,4096,32,8,14336,8,2,1916.928
RTX3090,Mixtral,False,ffn,1,1024,1024,0,4096,32,8,14336,8,2,15098.879
RTX3090,Mixtral,False,norm_pre,1,1024,1024,0,4096,32,8,14336,8,2,328.703
RTX3090,Mixtral,False,norm_post,1,1024,1024,0,4096,32,8,14336,8,2,202.751
RTX3090,Mixtral,False,attn,2,128,256,0,4096,32,8,14336,8,2,1060.863
RTX3090,Mixtral,False,ffn,2,128,256,0,4096,32,8,14336,8,2,6344.704
RTX3090,Mixtral,False,norm_pre,2,128,256,0,4096,32,8,14336,8,2,326.656
RTX3090,Mixtral,False,norm_post,2,128,256,0,4096,32,8,14336,8,2,292.863
RTX3090,Mixtral,False,attn,2,256,512,0,4096,32,8,14336,8,2,1213.439
RTX3090,Mixtral,False,ffn,2,256,512,0,4096,32,8,14336,8,2,8963.071
RTX3090,Mixtral,False,norm_pre,2,256,512,0,4096,32,8,14336,8,2,326.656
RTX3090,Mixtral,False,norm_post,2,256,512,0,4096,32,8,14336,8,2,138.239
RTX3090,Mixtral,False,attn,2,512,1024,0,4096,32,8,14336,8,2,1855.487
RTX3090,Mixtral,False,ffn,2,512,1024,0,4096,32,8,14336,8,2,14569.472
RTX3090,Mixtral,False,norm_pre,2,512,1024,0,4096,32,8,14336,8,2,332.8
RTX3090,Mixtral,False,norm_post,2,512,1024,0,4096,32,8,14336,8,2,202.751
RTX3090,Mixtral,False,attn,4,128,512,0,4096,32,8,14336,8,2,1209.344
RTX3090,Mixtral,False,ffn,4,128,512,0,4096,32,8,14336,8,2,8664.064
RTX3090,Mixtral,False,norm_pre,4,128,512,0,4096,32,8,14336,8,2,325.632
RTX3090,Mixtral,False,norm_post,4,128,512,0,4096,32,8,14336,8,2,139.264
RTX3090,Mixtral,False,attn,4,256,1024,0,4096,32,8,14336,8,2,1816.576
RTX3090,Mixtral,False,ffn,4,256,1024,0,4096,32,8,14336,8,2,15645.695
RTX3090,Mixtral,False,norm_pre,4,256,1024,0,4096,32,8,14336,8,2,332.8
RTX3090,Mixtral,False,norm_post,4,256,1024,0,4096,32,8,14336,8,2,203.776
RTX3090,Mixtral,False,attn,4,512,2048,0,4096,32,8,14336,8,2,3123.199
RTX3090,Mixtral,False,ffn,4,512,2048,0,4096,32,8,14336,8,2,25949.184
RTX3090,Mixtral,False,norm_pre,4,512,2048,0,4096,32,8,14336,8,2,427.008
RTX3090,Mixtral,False,norm_post,4,512,2048,0,4096,32,8,14336,8,2,382.975
RTX3090,Mixtral,False,attn,8,128,1024,0,4096,32,8,14336,8,2,1798.143
RTX3090,Mixtral,False,ffn,8,128,1024,0,4096,32,8,14336,8,2,15313.92
RTX3090,Mixtral,False,norm_pre,8,128,1024,0,4096,32,8,14336,8,2,331.775
RTX3090,Mixtral,False,norm_post,8,128,1024,0,4096,32,8,14336,8,2,203.776
RTX3090,Mixtral,False,attn,8,256,2048,0,4096,32,8,14336,8,2,3047.424
RTX3090,Mixtral,False,ffn,8,256,2048,0,4096,32,8,14336,8,2,26471.424
RTX3090,Mixtral,False,norm_pre,8,256,2048,0,4096,32,8,14336,8,2,425.983
RTX3090,Mixtral,False,norm_post,8,256,2048,0,4096,32,8,14336,8,2,384.0
RTX3090,Mixtral,False,attn,8,512,4096,0,4096,32,8,14336,8,2,6151.167
RTX3090,Mixtral,False,ffn,8,512,4096,0,4096,32,8,14336,8,2,47286.27
RTX3090,Mixtral,False,norm_pre,8,512,4096,0,4096,32,8,14336,8,2,792.576
RTX3090,Mixtral,False,norm_post,8,512,4096,0,4096,32,8,14336,8,2,749.567
RTX3090,Mixtral,False,attn,16,128,2048,0,4096,32,8,14336,8,2,3018.752
RTX3090,Mixtral,False,ffn,16,128,2048,0,4096,32,8,14336,8,2,26811.391
RTX3090,Mixtral,False,norm_pre,16,128,2048,0,4096,32,8,14336,8,2,427.008
RTX3090,Mixtral,False,norm_post,16,128,2048,0,4096,32,8,14336,8,2,382.975
RTX3090,Mixtral,False,attn,16,256,4096,0,4096,32,8,14336,8,2,6022.143
RTX3090,Mixtral,False,ffn,16,256,4096,0,4096,32,8,14336,8,2,47555.583
RTX3090,Mixtral,False,norm_pre,16,256,4096,0,4096,32,8,14336,8,2,793.6
RTX3090,Mixtral,False,norm_post,16,256,4096,0,4096,32,8,14336,8,2,749.567
RTX3090,Mixtral,False,attn,2,64,128,0,4096,32,8,14336,8,2,978.944
RTX3090,Mixtral,False,ffn,2,64,128,0,4096,32,8,14336,8,2,5221.375
RTX3090,Mixtral,False,norm_pre,2,64,128,0,4096,32,8,14336,8,2,324.607
RTX3090,Mixtral,False,norm_post,2,64,128,0,4096,32,8,14336,8,2,320.511
RTX3090,Mixtral,False,attn,4,64,256,0,4096,32,8,14336,8,2,1059.839
RTX3090,Mixtral,False,ffn,4,64,256,0,4096,32,8,14336,8,2,6225.92
RTX3090,Mixtral,False,norm_pre,4,64,256,0,4096,32,8,14336,8,2,323.583
RTX3090,Mixtral,False,norm_post,4,64,256,0,4096,32,8,14336,8,2,289.792
RTX3090,Mixtral,False,attn,8,64,512,0,4096,32,8,14336,8,2,1213.439
RTX3090,Mixtral,False,ffn,8,64,512,0,4096,32,8,14336,8,2,9106.431
RTX3090,Mixtral,False,norm_pre,8,64,512,0,4096,32,8,14336,8,2,328.703
RTX3090,Mixtral,False,norm_post,8,64,512,0,4096,32,8,14336,8,2,138.239
RTX2080Ti,Llama-8B,False,attn,1,128,128,0,4096,32,8,14336,1,1,962.368
RTX2080Ti,Llama-8B,False,ffn,1,128,128,0,4096,32,8,14336,1,1,1059.103
RTX2080Ti,Llama-8B,False,norm_pre,1,128,128,0,4096,32,8,14336,1,1,188.927
RTX2080Ti,Llama-8B,False,norm_post,1,128,128,0,4096,32,8,14336,1,1,176.512
RTX2080Ti,Llama-8B,False,attn,1,256,256,0,4096,32,8,14336,1,1,1094.688
RTX2080Ti,Llama-8B,False,ffn,1,256,256,0,4096,32,8,14336,1,1,1860.671
RTX2080Ti,Llama-8B,False,norm_pre,1,256,256,0,4096,32,8,14336,1,1,189.759
RTX2080Ti,Llama-8B,False,norm_post,1,256,256,0,4096,32,8,14336,1,1,70.688
RTX2080Ti,Llama-8B,False,attn,1,512,512,0,4096,32,8,14336,1,1,2291.552
RTX2080Ti,Llama-8B,False,ffn,1,512,512,0,4096,32,8,14336,1,1,3575.936
RTX2080Ti,Llama-8B,False,norm_pre,1,512,512,0,4096,32,8,14336,1,1,194.56
RTX2080Ti,Llama-8B,False,norm_post,1,512,512,0,4096,32,8,14336,1,1,159.743
RTX2080Ti,Llama-8B,False,attn,1,768,768,0,4096,32,8,14336,1,1,4202.496
RTX2080Ti,Llama-8B,False,ffn,1,768,768,0,4096,32,8,14336,1,1,5014.207
RTX2080Ti,Llama-8B,False,norm_pre,1,768,768,0,4096,32,8,14336,1,1,257.375
RTX2080Ti,Llama-8B,False,norm_post,1,768,768,0,4096,32,8,14336,1,1,235.52
RTX2080Ti,Llama-8B,False,attn,1,1024,1024,0,4096,32,8,14336,1,1,6340.384
RTX2080Ti,Llama-8B,False,ffn,1,1024,1024,0,4096,32,8,14336,1,1,6708.127
RTX2080Ti,Llama-8B,False,norm_pre,1,1024,1024,0,4096,32,8,14336,1,1,331.84
RTX2080Ti,Llama-8B,False,norm_post,1,1024,1024,0,4096,32,8,14336,1,1,307.68
RTX2080Ti,Llama-8B,False,attn,2,128,256,0,4096,32,8,14336,1,1,1062.687
RTX2080Ti,Llama-8B,False,ffn,2,128,256,0,4096,32,8,14336,1,1,1876.479
RTX2080Ti,Llama-8B,False,norm_pre,2,128,256,0,4096,32,8,14336,1,1,190.208
RTX2080Ti,Llama-8B,False,norm_post,2,128,256,0,4096,32,8,14336,1,1,98.208
RTX2080Ti,Llama-8B,False,attn,2,256,512,0,4096,32,8,14336,1,1,1868.415
RTX2080Ti,Llama-8B,False,ffn,2,256,512,0,4096,32,8,14336,1,1,3596.224
RTX2080Ti,Llama-8B,False,norm_pre,2,256,512,0,4096,32,8,14336,1,1,196.799
RTX2080Ti,Llama-8B,False,norm_post,2,256,512,0,4096,32,8,14336,1,1,159.743
RTX2080Ti,Llama-8B,False,attn,2,512,1024,0,4096,32,8,14336,1,1,4249.599
RTX2080Ti,Llama-8B,False,ffn,2,512,1024,0,4096,32,8,14336,1,1,6762.495
RTX2080Ti,Llama-8B,False,norm_pre,2,512,1024,0,4096,32,8,14336,1,1,332.8
RTX2080Ti,Llama-8B,False,norm_post,2,512,1024,0,4096,32,8,14336,1,1,307.2
RTX2080Ti,Llama-8B,False,attn,4,128,512,0,4096,32,8,14336,1,1,1642.56
RTX2080Ti,Llama-8B,False,ffn,4,128,512,0,4096,32,8,14336,1,1,3645.951
RTX2080Ti,Llama-8B,False,norm_pre,4,128,512,0,4096,32,8,14336,1,1,194.72
RTX2080Ti,Llama-8B,False,norm_post,4,128,512,0,4096,32,8,14336,1,1,159.615
RTX2080Ti,Llama-8B,False,attn,4,256,1024,0,4096,32,8,14336,1,1,3312.992
RTX2080Ti,Llama-8B,False,ffn,4,256,1024,0,4096,32,8,14336,1,1,6758.399
RTX2080Ti,Llama-8B,False,norm_pre,4,256,1024,0,4096,32,8,14336,1,1,333.056
RTX2080Ti,Llama-8B,False,norm_post,4,256,1024,0,4096,32,8,14336,1,1,307.2
RTX2080Ti,Llama-8B,False,attn,4,512,2048,0,4096,32,8,14336,1,1,8356.096
RTX2080Ti,Llama-8B,False,ffn,4,512,2048,0,4096,32,8,14336,1,1,13469.28
RTX2080Ti,Llama-8B,False,norm_pre,4,512,2048,0,4096,32,8,14336,1,1,619.84
RTX2080Ti,Llama-8B,False,norm_post,4,512,2048,0,4096,32,8,14336,1,1,598.016
RTX2080Ti,Llama-8B,False,attn,8,128,1024,0,4096,32,8,14336,1,1,2844.671
RTX2080Ti,Llama-8B,False,ffn,8,128,1024,0,4096,32,8,14336,1,1,6753.568
RTX2080Ti,Llama-8B,False,norm_pre,8,128,1024,0,4096,32,8,14336,1,1,331.775
RTX2080Ti,Llama-8B,False,norm_post,8,128,1024,0,4096,32,8,14336,1,1,303.104
RTX2080Ti,Llama-8B,False,attn,8,256,2048,0,4096,32,8,14336,1,1,6482.495
RTX2080Ti,Llama-8B,False,ffn,8,256,2048,0,4096,32,8,14336,1,1,13472.031
RTX2080Ti,Llama-8B,False,norm_pre,8,256,2048,0,4096,32,8,14336,1,1,622.143
RTX2080Ti,Llama-8B,False,norm_post,8,256,2048,0,4096,32,8,14336,1,1,600.063
RTX2080Ti,Llama-8B,False,attn,8,512,4096,0,4096,32,8,14336,1,1,16766.975
RTX2080Ti,Llama-8B,False,ffn,8,512,4096,0,4096,32,8,14336,1,1,26767.871
RTX2080Ti,Llama-8B,False,norm_pre,8,512,4096,0,4096,32,8,14336,1,1,1193.503
RTX2080Ti,Llama-8B,False,norm_post,8,512,4096,0,4096,32,8,14336,1,1,1172.191
RTX2080Ti,Llama-8B,False,attn,16,128,2048,0,4096,32,8,14336,1,1,5617.663
RTX2080Ti,Llama-8B,False,ffn,16,128,2048,0,4096,32,8,14336,1,1,13666.751
RTX2080Ti,Llama-8B,False,norm_pre,16,128,2048,0,4096,32,8,14336,1,1,622.976
RTX2080Ti,Llama-8B,False,norm_post,16,128,2048,0,4096,32,8,14336,1,1,599.712
RTX2080Ti,Llama-8B,False,attn,16,256,4096,0,4096,32,8,14336,1,1,13060.864
RTX2080Ti,Llama-8B,False,ffn,16,256,4096,0,4096,32,8,14336,1,1,26968.063
RTX2080Ti,Llama-8B,False,norm_pre,16,256,4096,0,4096,32,8,14336,1,1,1193.984
RTX2080Ti,Llama-8B,False,norm_post,16,256,4096,0,4096,32,8,14336,1,1,1171.455
RTX2080Ti,Llama-8B,False,attn,2,64,128,0,4096,32,8,14336,1,1,976.895
RTX2080Ti,Llama-8B,False,ffn,2,64,128,0,4096,32,8,14336,1,1,1069.344
RTX2080Ti,Llama-8B,False,norm_pre,2,64,128,0,4096,32,8,14336,1,1,188.575
RTX2080Ti,Llama-8B,False,norm_post,2,64,128,0,4096,32,8,14336,1,1,176.607
RTX2080Ti,Llama-8B,False,attn,4,64,256,0,4096,32,8,14336,1,1,1063.967
RTX2080Ti,Llama-8B,False,ffn,4,64,256,0,4096,32,8,14336,1,1,1888.255
RTX2080Ti,Llama-8B,False,norm_pre,4,64,256,0,4096,32,8,14336,1,1,190.464
RTX2080Ti,Llama-8B,False,norm_post,4,64,256,0,4096,32,8,14336,1,1,100.351
RTX2080Ti,Llama-8B,False,attn,8,64,512,0,4096,32,8,14336,1,1,1529.888
RTX2080Ti,Llama-8B,False,ffn,8,64,512,0,4096,32,8,14336,1,1,3629.215
RTX2080Ti,Llama-8B,False,norm_pre,8,64,512,0,4096,32,8,14336,1,1,195.871
RTX2080Ti,Llama-8B,False,norm_post,8,64,512,0,4096,32,8,14336,1,1,159.743
RTX2080Ti,Qwen3.5-9B,False,ffn,1,128,128,0,4096,16,4,12288,1,1,1265.28
RTX2080Ti,Qwen3.5-9B,False,norm_pre,1,128,128,0,4096,16,4,12288,1,1,239.616
RTX2080Ti,Qwen3.5-9B,False,norm_post,1,128,128,0,4096,16,4,12288,1,1,204.032
RTX2080Ti,Qwen3.5-9B,False,ffn,1,256,256,0,4096,16,4,12288,1,1,1779.775
RTX2080Ti,Qwen3.5-9B,False,norm_pre,1,256,256,0,4096,16,4,12288,1,1,287.456
RTX2080Ti,Qwen3.5-9B,False,norm_post,1,256,256,0,4096,16,4,12288,1,1,243.264
RTX2080Ti,Qwen3.5-9B,False,ffn,1,512,512,0,4096,16,4,12288,1,1,2792.864
RTX2080Ti,Qwen3.5-9B,False,norm_pre,1,512,512,0,4096,16,4,12288,1,1,231.808
RTX2080Ti,Qwen3.5-9B,False,norm_post,1,512,512,0,4096,16,4,12288,1,1,178.176
RTX2080Ti,Qwen3.5-9B,False,ffn,1,768,768,0,4096,16,4,12288,1,1,4471.487
RTX2080Ti,Qwen3.5-9B,False,norm_pre,1,768,768,0,4096,16,4,12288,1,1,282.624
RTX2080Ti,Qwen3.5-9B,False,norm_post,1,768,768,0,4096,16,4,12288,1,1,256.448
RTX2080Ti,Qwen3.5-9B,False,ffn,1,1024,1024,0,4096,16,4,12288,1,1,5558.879
RTX2080Ti,Qwen3.5-9B,False,norm_pre,1,1024,1024,0,4096,16,4,12288,1,1,360.448
RTX2080Ti,Qwen3.5-9B,False,norm_post,1,1024,1024,0,4096,16,4,12288,1,1,335.711
RTX2080Ti,Qwen3.5-9B,False,ffn,2,128,256,0,4096,16,4,12288,1,1,1763.2
RTX2080Ti,Qwen3.5-9B,False,norm_pre,2,128,256,0,4096,16,4,12288,1,1,226.976
RTX2080Ti,Qwen3.5-9B,False,norm_post,2,128,256,0,4096,16,4,12288,1,1,159.743
RTX2080Ti,Qwen3.5-9B,False,ffn,2,256,512,0,4096,16,4,12288,1,1,2797.408
RTX2080Ti,Qwen3.5-9B,False,norm_pre,2,256,512,0,4096,16,4,12288,1,1,236.735
RTX2080Ti,Qwen3.5-9B,False,norm_post,2,256,512,0,4096,16,4,12288,1,1,177.983
RTX2080Ti,Qwen3.5-9B,False,ffn,2,512,1024,0,4096,16,4,12288,1,1,5558.72
RTX2080Ti,Qwen3.5-9B,False,norm_pre,2,512,1024,0,4096,16,4,12288,1,1,360.255
RTX2080Ti,Qwen3.5-9B,False,norm_post,2,512,1024,0,4096,16,4,12288,1,1,335.519
RTX2080Ti,Qwen3.5-9B,False,ffn,4,128,512,0,4096,16,4,12288,1,1,2797.535
RTX2080Ti,Qwen3.5-9B,False,norm_pre,4,128,512,0,4096,16,4,12288,1,1,236.384
RTX2080Ti,Qwen3.5-9B,False,norm_post,4,128,512,0,4096,16,4,12288,1,1,178.016
RTX2080Ti,Qwen3.5-9B,False,ffn,4,256,1024,0,4096,16,4,12288,1,1,5560.319
RTX2080Ti,Qwen3.5-9B,False,norm_pre,4,256,1024,0,4096,16,4,12288,1,1,360.448
RTX2080Ti,Qwen3.5-9B,False,norm_post,4,256,1024,0,4096,16,4,12288,1,1,335.328
RTX2080Ti,Qwen3.5-9B,False,ffn,4,512,2048,0,4096,16,4,12288,1,1,11473.119
RTX2080Ti,Qwen3.5-9B,False,norm_pre,4,512,2048,0,4096,16,4,12288,1,1,677.695
RTX2080Ti,Qwen3.5-9B,False,norm_post,4,512,2048,0,4096,16,4,12288,1,1,650.879
RTX2080Ti,Qwen3.5-9B,False,ffn,8,128,1024,0,4096,16,4,12288,1,1,5562.367
RTX2080Ti,Qwen3.5-9B,False,norm_pre,8,128,1024,0,4096,16,4,12288,1,1,360.448
RTX2080Ti,Qwen3.5-9B,False,norm_post,8,128,1024,0,4096,16,4,12288,1,1,335.904
RTX2080Ti,Qwen3.5-9B,False,ffn,8,256,2048,0,4096,16,4,12288,1,1,11567.104
RTX2080Ti,Qwen3.5-9B,False,norm_pre,8,256,2048,0,4096,16,4,12288,1,1,677.056
RTX2080Ti,Qwen3.5-9B,False,norm_post,8,256,2048,0,4096,16,4,12288,1,1,651.167
RTX2080Ti,Qwen3.5-9B,False,ffn,8,512,4096,0,4096,16,4,12288,1,1,22674.367
RTX2080Ti,Qwen3.5-9B,False,norm_pre,8,512,4096,0,4096,16,4,12288,1,1,1304.543
RTX2080Ti,Qwen3.5-9B,False,norm_post,8,512,4096,0,4096,16,4,12288,1,1,1276.64
RTX2080Ti,Qwen3.5-9B,False,ffn,16,128,2048,0,4096,16,4,12288,1,1,11325.887
RTX2080Ti,Qwen3.5-9B,False,norm_pre,16,128,2048,0,4096,16,4,12288,1,1,676.576
RTX2080Ti,Qwen3.5-9B,False,norm_post,16,128,2048,0,4096,16,4,12288,1,1,651.264
RTX2080Ti,Qwen3.5-9B,False,ffn,16,256,4096,0,4096,16,4,12288,1,1,22618.112
RTX2080Ti,Qwen3.5-9B,False,norm_pre,16,256,4096,0,4096,16,4,12288,1,1,1304.576
RTX2080Ti,Qwen3.5-9B,False,norm_post,16,256,4096,0,4096,16,4,12288,1,1,1277.824
RTX2080Ti,Qwen3.5-9B,False,ffn,2,64,128,0,4096,16,4,12288,1,1,1010.239
RTX2080Ti,Qwen3.5-9B,False,norm_pre,2,64,128,0,4096,16,4,12288,1,1,244.384
RTX2080Ti,Qwen3.5-9B,False,norm_post,2,64,128,0,4096,16,4,12288,1,1,233.855
RTX2080Ti,Qwen3.5-9B,False,ffn,4,64,256,0,4096,16,4,12288,1,1,1780.928
RTX2080Ti,Qwen3.5-9B,False,norm_pre,4,64,256,0,4096,16,4,12288,1,1,224.383
RTX2080Ti,Qwen3.5-9B,False,norm_post,4,64,256,0,4096,16,4,12288,1,1,160.16
RTX2080Ti,Qwen3.5-9B,False,ffn,8,64,512,0,4096,16,4,12288,1,1,2824.192
RTX2080Ti,Qwen3.5-9B,False,norm_pre,8,64,512,0,4096,16,4,12288,1,1,236.415
RTX2080Ti,Qwen3.5-9B,False,norm_post,8,64,512,0,4096,16,4,12288,1,1,178.176
