M,N,K,latency_ns
1,128,128,15440.00
1,128,256,15200.00
1,128,512,15104.00
1,128,1024,15072.00
1,128,2048,15920.00
1,128,3072,17472.00
1,128,4096,17248.00
1,128,5120,17312.00
1,128,8192,16896.00
1,128,11008,16864.00
1,128,13824,16912.00
1,128,14336,16784.00
1,128,25600,16880.00
1,128,27648,16848.00
1,128,28672,17440.00
1,256,128,15248.00
1,256,256,15296.00
1,256,512,15360.00
1,256,1024,15344.00
1,256,2048,16096.00
1,256,3072,17504.00
1,256,4096,17488.00
1,256,5120,17456.00
1,256,8192,17120.00
1,256,11008,16784.00
1,256,13824,16816.00
1,256,14336,16784.00
1,256,25600,17632.00
1,256,27648,17792.00
1,256,28672,17680.00
1,512,128,14848.00
1,512,256,15008.00
1,512,512,14768.00
1,512,1024,14992.00
1,512,2048,15760.00
1,512,3072,16768.00
1,512,4096,17040.00
1,512,5120,16944.00
1,512,8192,16864.00
1,512,11008,16832.00
1,512,13824,17760.00
1,512,14336,17808.00
1,512,25600,19312.00
1,512,27648,19744.00
1,512,28672,19888.00
1,1024,128,14848.00
1,1024,256,14800.00
1,1024,512,14832.00
1,1024,1024,14752.00
1,1024,2048,15712.00
1,1024,3072,16768.00
1,1024,4096,16976.00
1,1024,5120,16784.00
1,1024,8192,17712.00
1,1024,11008,18288.00
1,1024,13824,19968.00
1,1024,14336,18736.00
1,1024,25600,31232.00
1,1024,27648,32320.00
1,1024,28672,32848.00
1,2048,128,15008.00
1,2048,256,14880.00
1,2048,512,14976.00
1,2048,1024,14944.00
1,2048,2048,15664.00
1,2048,3072,17056.00
1,2048,4096,17552.00
1,2048,5120,18208.00
1,2048,8192,19840.00
1,2048,11008,27376.00
1,2048,13824,32288.00
1,2048,14336,32848.00
1,2048,25600,46560.00
1,2048,27648,49408.00
1,2048,28672,50720.00
1,3072,128,14944.00
1,3072,256,14912.00
1,3072,512,14832.00
1,3072,1024,14784.00
1,3072,2048,15632.00
1,3072,3072,17936.00
1,3072,4096,18560.00
1,3072,5120,19504.00
1,3072,8192,30176.00
1,3072,11008,36032.00
1,3072,13824,41264.00
1,3072,14336,42080.00
1,3072,25600,63904.00
1,3072,27648,67792.00
1,3072,28672,69728.00
1,4096,128,15008.00
1,4096,256,14832.00
1,4096,512,14864.00
1,4096,1024,14912.00
1,4096,2048,16304.00
1,4096,3072,17680.00
1,4096,4096,19232.00
1,4096,5120,23040.00
1,4096,8192,35344.00
1,4096,11008,42400.00
1,4096,13824,49584.00
1,4096,14336,50880.00
1,4096,25600,80192.00
1,4096,27648,86208.00
1,4096,28672,88464.00
1,5120,128,14816.00
1,5120,256,14784.00
1,5120,512,14784.00
1,5120,1024,15648.00
1,5120,2048,17136.00
1,5120,3072,19120.00
1,5120,4096,23216.00
1,5120,5120,29440.00
1,5120,8192,40992.00
1,5120,11008,50912.00
1,5120,13824,58832.00
1,5120,14336,60320.00
1,5120,25600,96928.00
1,5120,27648,103264.00
1,5120,28672,107744.00
1,8192,128,14816.00
1,8192,256,14752.00
1,8192,512,14848.00
1,8192,1024,15872.00
1,8192,2048,19232.00
1,8192,3072,28624.00
1,8192,4096,33696.00
1,8192,5120,39120.00
1,8192,8192,54336.00
1,8192,11008,69392.00
1,8192,13824,83392.00
1,8192,14336,85792.00
1,8192,25600,145664.01
1,8192,27648,156336.00
1,8192,28672,161328.00
1,11008,128,14928.00
1,11008,256,14912.00
1,11008,512,14912.00
1,11008,1024,16384.00
1,11008,2048,26192.00
1,11008,3072,33632.00
1,11008,4096,43072.00
1,11008,5120,50896.00
1,11008,8192,73872.00
1,11008,11008,93088.00
1,11008,13824,113680.00
1,11008,14336,117280.00
1,11008,25600,195632.00
1,11008,27648,209984.00
1,11008,28672,218208.00
1,13824,128,14992.00
1,13824,256,14944.00
1,13824,512,15808.00
1,13824,1024,17680.00
1,13824,2048,30656.00
1,13824,3072,38960.00
1,13824,4096,47952.00
1,13824,5120,56784.00
1,13824,8192,85120.00
1,13824,11008,110464.00
1,13824,13824,137824.00
1,13824,14336,140928.00
1,13824,25600,237936.00
1,13824,27648,255280.00
1,13824,28672,264448.00
1,14336,128,14944.00
1,14336,256,14976.00
1,14336,512,15840.00
1,14336,1024,17952.00
1,14336,2048,31344.00
1,14336,3072,42768.00
1,14336,4096,52048.00
1,14336,5120,62800.00
1,14336,8192,85968.00
1,14336,11008,112896.00
1,14336,13824,138000.00
1,14336,14336,144560.00
1,14336,25600,247104.00
1,14336,27648,265711.99
1,14336,28672,274528.00
1,25600,128,14912.00
1,25600,256,15520.00
1,25600,512,17280.00
1,25600,1024,29328.00
1,25600,2048,45200.00
1,25600,3072,61872.00
1,25600,4096,78320.00
1,25600,5120,94448.00
1,25600,8192,147648.01
1,25600,11008,201296.00
1,25600,13824,240832.00
1,25600,14336,247871.99
1,25600,25600,426816.00
1,25600,27648,458784.01
1,25600,28672,475968.00
1,27648,128,15216.00
1,27648,256,15888.00
1,27648,512,17680.00
1,27648,1024,30944.00
1,27648,2048,48016.00
1,27648,3072,65984.00
1,27648,4096,82560.00
1,27648,5120,100688.00
1,27648,8192,157056.00
1,27648,11008,207136.00
1,27648,13824,255696.00
1,27648,14336,264496.00
1,27648,25600,460047.99
1,27648,27648,494240.00
1,27648,28672,511807.98
1,28672,128,15120.00
1,28672,256,16016.00
1,28672,512,17792.00
1,28672,1024,31648.00
1,28672,2048,50464.00
1,28672,3072,71024.00
1,28672,4096,91280.00
1,28672,5120,104896.00
1,28672,8192,162432.00
1,28672,11008,216112.00
1,28672,13824,267920.00
1,28672,14336,275487.99
1,28672,25600,480511.99
1,28672,27648,515663.98
1,28672,28672,533712.00
4,128,128,14880.00
4,128,256,14816.00
4,128,512,14752.00
4,128,1024,14656.00
4,128,2048,15568.00
4,128,3072,16816.00
4,128,4096,16896.00
4,128,5120,16640.00
4,128,8192,16896.00
4,128,11008,16896.00
4,128,13824,16960.00
4,128,14336,16944.00
4,128,25600,16848.00
4,128,27648,17088.00
4,128,28672,17472.00
4,256,128,14752.00
4,256,256,14672.00
4,256,512,14752.00
4,256,1024,14752.00
4,256,2048,15584.00
4,256,3072,16976.00
4,256,4096,17024.00
4,256,5120,16944.00
4,256,8192,17088.00
4,256,11008,17056.00
4,256,13824,16816.00
4,256,14336,17104.00
4,256,25600,17552.00
4,256,27648,17520.00
4,256,28672,17600.00
4,512,128,14848.00
4,512,256,14832.00
4,512,512,14752.00
4,512,1024,14736.00
4,512,2048,15504.00
4,512,3072,17024.00
4,512,4096,16944.00
4,512,5120,16704.00
4,512,8192,16960.00
4,512,11008,16944.00
4,512,13824,17824.00
4,512,14336,17616.00
4,512,25600,19104.00
4,512,27648,19296.00
4,512,28672,19520.00
4,1024,128,14736.00
4,1024,256,14944.00
4,1024,512,14800.00
4,1024,1024,14848.00
4,1024,2048,15824.00
4,1024,3072,16864.00
4,1024,4096,16688.00
4,1024,5120,16784.00
4,1024,8192,17392.00
4,1024,11008,18208.00
4,1024,13824,19200.00
4,1024,14336,18816.00
4,1024,25600,30944.00
4,1024,27648,32096.00
4,1024,28672,33024.00
4,2048,128,14752.00
4,2048,256,14768.00
4,2048,512,14816.00
4,2048,1024,14768.00
4,2048,2048,15520.00
4,2048,3072,16720.00
4,2048,4096,17696.00
4,2048,5120,17760.00
4,2048,8192,19744.00
4,2048,11008,27584.00
4,2048,13824,32768.00
4,2048,14336,32928.00
4,2048,25600,46976.00
4,2048,27648,49504.00
4,2048,28672,51088.00
4,3072,128,14656.00
4,3072,256,14800.00
4,3072,512,14816.00
4,3072,1024,14704.00
4,3072,2048,15552.00
4,3072,3072,17824.00
4,3072,4096,18224.00
4,3072,5120,19520.00
4,3072,8192,30448.00
4,3072,11008,36464.00
4,3072,13824,41616.00
4,3072,14336,42320.00
4,3072,25600,63840.00
4,3072,27648,68144.00
4,3072,28672,69824.00
4,4096,128,14720.00
4,4096,256,14624.00
4,4096,512,14672.00
4,4096,1024,14656.00
4,4096,2048,15456.00
4,4096,3072,17184.00
4,4096,4096,18528.00
4,4096,5120,22352.00
4,4096,8192,35424.00
4,4096,11008,42448.00
4,4096,13824,49424.00
4,4096,14336,51104.00
4,4096,25600,79728.00
4,4096,27648,85584.00
4,4096,28672,88048.00
4,5120,128,14800.00
4,5120,256,14720.00
4,5120,512,14832.00
4,5120,1024,15376.00
4,5120,2048,16416.00
4,5120,3072,18656.00
4,5120,4096,23152.00
4,5120,5120,29824.00
4,5120,8192,41264.00
4,5120,11008,50528.00
4,5120,13824,58752.00
4,5120,14336,60544.00
4,5120,25600,97040.00
4,5120,27648,103664.00
4,5120,28672,108560.00
4,8192,128,14768.00
4,8192,256,14912.00
4,8192,512,14752.00
4,8192,1024,15680.00
4,8192,2048,18432.00
4,8192,3072,28608.00
4,8192,4096,34064.00
4,8192,5120,39008.00
4,8192,8192,54992.00
4,8192,11008,69264.00
4,8192,13824,83344.00
4,8192,14336,86512.00
4,8192,25600,145760.00
4,8192,27648,157072.00
4,8192,28672,162000.00
4,11008,128,14784.00
4,11008,256,14720.00
4,11008,512,14928.00
4,11008,1024,16288.00
4,11008,2048,26208.00
4,11008,3072,35392.00
4,11008,4096,40800.00
4,11008,5120,50896.00
4,11008,8192,74816.00
4,11008,11008,93376.00
4,11008,13824,115920.00
4,11008,14336,117792.00
4,11008,25600,197760.00
4,11008,27648,211104.01
4,11008,28672,219888.00
4,13824,128,14736.00
4,13824,256,14752.00
4,13824,512,15712.00
4,13824,1024,17440.00
4,13824,2048,30624.00
4,13824,3072,39264.00
4,13824,4096,48016.00
4,13824,5120,57072.00
4,13824,8192,85520.00
4,13824,11008,111248.00
4,13824,13824,138608.00
4,13824,14336,142400.00
4,13824,25600,240128.00
4,13824,27648,257744.00
4,13824,28672,266624.00
4,14336,128,14800.00
4,14336,256,14688.00
4,14336,512,15456.00
4,14336,1024,17536.00
4,14336,2048,31376.00
4,14336,3072,40528.00
4,14336,4096,51760.00
4,14336,5120,62720.00
4,14336,8192,86576.00
4,14336,11008,112192.00
4,14336,13824,140320.00
4,14336,14336,145600.01
4,14336,25600,250079.99
4,14336,27648,268336.00
4,14336,28672,277872.01
4,25600,128,14784.00
4,25600,256,15568.00
4,25600,512,16992.00
4,25600,1024,29488.00
4,25600,2048,45760.00
4,25600,3072,62016.00
4,25600,4096,78704.00
4,25600,5120,94768.00
4,25600,8192,148656.00
4,25600,11008,202944.00
4,25600,13824,242528.01
4,25600,14336,249824.00
4,25600,25600,428767.99
4,25600,27648,462527.99
4,25600,28672,485775.99
4,27648,128,14768.00
4,27648,256,15680.00
4,27648,512,17424.00
4,27648,1024,30816.00
4,27648,2048,48128.00
4,27648,3072,66016.00
4,27648,4096,83120.00
4,27648,5120,100800.00
4,27648,8192,160048.00
4,27648,11008,209360.00
4,27648,13824,257903.99
4,27648,14336,267311.99
4,27648,25600,462592.01
4,27648,27648,496960.00
4,27648,28672,514224.02
4,28672,128,14976.00
4,28672,256,15824.00
4,28672,512,17552.00
4,28672,1024,31584.00
4,28672,2048,50640.00
4,28672,3072,68512.00
4,28672,4096,88128.00
4,28672,5120,106272.00
4,28672,8192,162944.00
4,28672,11008,216176.00
4,28672,13824,270480.01
4,28672,14336,278800.00
4,28672,25600,484128.01
4,28672,27648,519535.99
4,28672,28672,537184.00
8,128,128,14752.00
8,128,256,14720.00
8,128,512,14784.00
8,128,1024,14720.00
8,128,2048,15568.00
8,128,3072,16816.00
8,128,4096,16832.00
8,128,5120,16928.00
8,128,8192,16848.00
8,128,11008,17008.00
8,128,13824,16976.00
8,128,14336,16880.00
8,128,25600,16944.00
8,128,27648,17040.00
8,128,28672,17056.00
8,256,128,14720.00
8,256,256,14688.00
8,256,512,14768.00
8,256,1024,14784.00
8,256,2048,15552.00
8,256,3072,16768.00
8,256,4096,17024.00
8,256,5120,16944.00
8,256,8192,16864.00
8,256,11008,16960.00
8,256,13824,16960.00
8,256,14336,17024.00
8,256,25600,17520.00
8,256,27648,17488.00
8,256,28672,17552.00
8,512,128,14704.00
8,512,256,14736.00
8,512,512,14640.00
8,512,1024,14704.00
8,512,2048,15568.00
8,512,3072,16896.00
8,512,4096,16896.00
8,512,5120,16816.00
8,512,8192,16832.00
8,512,11008,16816.00
8,512,13824,16784.00
8,512,14336,16960.00
8,512,25600,17904.00
8,512,27648,18240.00
8,512,28672,18176.00
8,1024,128,14832.00
8,1024,256,14848.00
8,1024,512,14768.00
8,1024,1024,14864.00
8,1024,2048,15488.00
8,1024,3072,16816.00
8,1024,4096,16800.00
8,1024,5120,16672.00
8,1024,8192,17568.00
8,1024,11008,17488.00
8,1024,13824,18944.00
8,1024,14336,18016.00
8,1024,25600,30976.00
8,1024,27648,32160.00
8,1024,28672,33168.00
8,2048,128,14784.00
8,2048,256,14800.00
8,2048,512,14704.00
8,2048,1024,14592.00
8,2048,2048,15680.00
8,2048,3072,16832.00
8,2048,4096,17008.00
8,2048,5120,17568.00
8,2048,8192,18816.00
8,2048,11008,27616.00
8,2048,13824,32720.00
8,2048,14336,32848.00
8,2048,25600,47296.00
8,2048,27648,49744.00
8,2048,28672,51216.00
8,3072,128,14768.00
8,3072,256,14816.00
8,3072,512,14800.00
8,3072,1024,14848.00
8,3072,2048,15680.00
8,3072,3072,17456.00
8,3072,4096,18176.00
8,3072,5120,19152.00
8,3072,8192,30432.00
8,3072,11008,36672.00
8,3072,13824,41968.00
8,3072,14336,42880.00
8,3072,25600,64608.00
8,3072,27648,68864.00
8,3072,28672,70784.00
8,4096,128,15104.00
8,4096,256,15136.00
8,4096,512,15104.00
8,4096,1024,15120.00
8,4096,2048,16000.00
8,4096,3072,17152.00
8,4096,4096,18928.00
8,4096,5120,23008.00
8,4096,8192,35536.00
8,4096,11008,42640.00
8,4096,13824,49712.00
8,4096,14336,51328.00
8,4096,25600,81472.00
8,4096,27648,87008.00
8,4096,28672,90144.00
8,5120,128,14768.00
8,5120,256,14848.00
8,5120,512,14720.00
8,5120,1024,14752.00
8,5120,2048,15840.00
8,5120,3072,17728.00
8,5120,4096,23264.00
8,5120,5120,29664.00
8,5120,8192,41552.00
8,5120,11008,51296.00
8,5120,13824,59520.00
8,5120,14336,61216.00
8,5120,25600,98704.00
8,5120,27648,104976.00
8,5120,28672,109568.00
8,8192,128,14800.00
8,8192,256,14688.00
8,8192,512,14816.00
8,8192,1024,15584.00
8,8192,2048,17904.00
8,8192,3072,29152.00
8,8192,4096,34256.00
8,8192,5120,39536.00
8,8192,8192,54928.00
8,8192,11008,70112.00
8,8192,13824,82912.00
8,8192,14336,86144.00
8,8192,25600,147632.00
8,8192,27648,158304.01
8,8192,28672,163056.00
8,11008,128,14832.00
8,11008,256,14720.00
8,11008,512,14816.00
8,11008,1024,16256.00
8,11008,2048,26096.00
8,11008,3072,35600.00
8,11008,4096,40992.00
8,11008,5120,51552.00
8,11008,8192,76016.00
8,11008,11008,94256.00
8,11008,13824,114848.00
8,11008,14336,118096.00
8,11008,25600,199232.00
8,11008,27648,212224.00
8,11008,28672,222032.00
8,13824,128,14992.00
8,13824,256,14688.00
8,13824,512,15600.00
8,13824,1024,17216.00
8,13824,2048,30624.00
8,13824,3072,39248.00
8,13824,4096,47776.00
8,13824,5120,56560.00
8,13824,8192,85360.00
8,13824,11008,111120.00
8,13824,13824,139936.00
8,13824,14336,143808.01
8,13824,25600,242944.00
8,13824,27648,259935.99
8,13824,28672,269535.99
8,14336,128,14848.00
8,14336,256,14736.00
8,14336,512,15792.00
8,14336,1024,18048.00
8,14336,2048,31712.00
8,14336,3072,40992.00
8,14336,4096,50944.00
8,14336,5120,63248.00
8,14336,8192,87040.00
8,14336,11008,116256.00
8,14336,13824,142656.00
8,14336,14336,150512.00
8,14336,25600,252736.00
8,14336,27648,271024.00
8,14336,28672,280272.01
8,25600,128,14768.00
8,25600,256,15216.00
8,25600,512,16976.00
8,25600,1024,29760.00
8,25600,2048,45936.00
8,25600,3072,62384.00
8,25600,4096,79344.00
8,25600,5120,95840.00
8,25600,8192,149823.99
8,25600,11008,203952.00
8,25600,13824,245840.00
8,25600,14336,252352.00
8,25600,25600,430576.00
8,25600,27648,462720.01
8,25600,28672,479120.00
8,27648,128,14944.00
8,27648,256,15776.00
8,27648,512,17312.00
8,27648,1024,31152.00
8,27648,2048,48272.00
8,27648,3072,65712.00
8,27648,4096,83744.00
8,27648,5120,101104.00
8,27648,8192,160176.00
8,27648,11008,212576.00
8,27648,13824,261375.99
8,27648,14336,270320.00
8,27648,25600,466352.00
8,27648,27648,500671.98
8,27648,28672,518303.99
8,28672,128,15008.00
8,28672,256,15728.00
8,28672,512,17760.00
8,28672,1024,31520.00
8,28672,2048,50736.00
8,28672,3072,68480.00
8,28672,4096,88368.00
8,28672,5120,106000.00
8,28672,8192,163776.00
8,28672,11008,218256.00
8,28672,13824,270864.01
8,28672,14336,281968.00
8,28672,25600,489968.00
8,28672,27648,525439.98
8,28672,28672,542591.99
16,128,128,14912.00
16,128,256,14848.00
16,128,512,14752.00
16,128,1024,14704.00
16,128,2048,15680.00
16,128,3072,16944.00
16,128,4096,17008.00
16,128,5120,16640.00
16,128,8192,17072.00
16,128,11008,17072.00
16,128,13824,17184.00
16,128,14336,17056.00
16,128,25600,17136.00
16,128,27648,17328.00
16,128,28672,17488.00
16,256,128,14832.00
16,256,256,14864.00
16,256,512,14848.00
16,256,1024,14688.00
16,256,2048,15744.00
16,256,3072,16928.00
16,256,4096,16944.00
16,256,5120,16880.00
16,256,8192,16752.00
16,256,11008,16848.00
16,256,13824,16832.00
16,256,14336,16864.00
16,256,25600,17648.00
16,256,27648,17712.00
16,256,28672,17600.00
16,512,128,14848.00
16,512,256,14912.00
16,512,512,14816.00
16,512,1024,14992.00
16,512,2048,15568.00
16,512,3072,17008.00
16,512,4096,17088.00
16,512,5120,16928.00
16,512,8192,16800.00
16,512,11008,16928.00
16,512,13824,16992.00
16,512,14336,17120.00
16,512,25600,18560.00
16,512,27648,18528.00
16,512,28672,18880.00
16,1024,128,14832.00
16,1024,256,14864.00
16,1024,512,14656.00
16,1024,1024,14720.00
16,1024,2048,15712.00
16,1024,3072,16928.00
16,1024,4096,16672.00
16,1024,5120,17024.00
16,1024,8192,17376.00
16,1024,11008,18016.00
16,1024,13824,19104.00
16,1024,14336,18512.00
16,1024,25600,31296.00
16,1024,27648,32848.00
16,1024,28672,33344.00
16,2048,128,14864.00
16,2048,256,14976.00
16,2048,512,14896.00
16,2048,1024,14944.00
16,2048,2048,15744.00
16,2048,3072,16784.00
16,2048,4096,17728.00
16,2048,5120,17664.00
16,2048,8192,19328.00
16,2048,11008,27616.00
16,2048,13824,32800.00
16,2048,14336,33408.00
16,2048,25600,48064.00
16,2048,27648,50288.00
16,2048,28672,51696.00
16,3072,128,15008.00
16,3072,256,14880.00
16,3072,512,14768.00
16,3072,1024,14784.00
16,3072,2048,15648.00
16,3072,3072,17184.00
16,3072,4096,18272.00
16,3072,5120,19408.00
16,3072,8192,30800.00
16,3072,11008,36416.00
16,3072,13824,42576.00
16,3072,14336,43280.00
16,3072,25600,65456.00
16,3072,27648,69536.00
16,3072,28672,71360.00
16,4096,128,14976.00
16,4096,256,14944.00
16,4096,512,14896.00
16,4096,1024,15008.00
16,4096,2048,15744.00
16,4096,3072,17472.00
16,4096,4096,18976.00
16,4096,5120,24336.00
16,4096,8192,36080.00
16,4096,11008,43248.00
16,4096,13824,50352.00
16,4096,14336,51968.00
16,4096,25600,82160.00
16,4096,27648,87680.00
16,4096,28672,89328.00
16,5120,128,14848.00
16,5120,256,14816.00
16,5120,512,14816.00
16,5120,1024,14944.00
16,5120,2048,16096.00
16,5120,3072,18000.00
16,5120,4096,23568.00
16,5120,5120,29776.00
16,5120,8192,41760.00
16,5120,11008,50784.00
16,5120,13824,60384.00
16,5120,14336,62208.00
16,5120,25600,99456.00
16,5120,27648,106000.00
16,5120,28672,110816.00
16,8192,128,14832.00
16,8192,256,14960.00
16,8192,512,14864.00
16,8192,1024,15616.00
16,8192,2048,18176.00
16,8192,3072,29040.00
16,8192,4096,34368.00
16,8192,5120,39792.00
16,8192,8192,55264.00
16,8192,11008,69712.00
16,8192,13824,84128.00
16,8192,14336,86496.00
16,8192,25600,147440.00
16,8192,27648,158048.00
16,8192,28672,163312.00
16,11008,128,14752.00
16,11008,256,14704.00
16,11008,512,14832.00
16,11008,1024,16624.00
16,11008,2048,26224.00
16,11008,3072,34128.00
16,11008,4096,43184.00
16,11008,5120,51552.00
16,11008,8192,77008.00
16,11008,11008,100528.00
16,11008,13824,119200.00
16,11008,14336,121360.00
16,11008,25600,200704.00
16,11008,27648,213471.99
16,11008,28672,224640.00
16,13824,128,15072.00
16,13824,256,15008.00
16,13824,512,15616.00
16,13824,1024,17360.00
16,13824,2048,31104.00
16,13824,3072,39472.00
16,13824,4096,48160.00
16,13824,5120,57200.00
16,13824,8192,86048.00
16,13824,11008,111184.00
16,13824,13824,138368.00
16,13824,14336,147216.00
16,13824,25600,246672.00
16,13824,27648,268704.00
16,13824,28672,269968.00
16,14336,128,14928.00
16,14336,256,14976.00
16,14336,512,15872.00
16,14336,1024,18080.00
16,14336,2048,32128.00
16,14336,3072,43344.00
16,14336,4096,52656.00
16,14336,5120,62688.00
16,14336,8192,90544.00
16,14336,11008,116928.00
16,14336,13824,143360.00
16,14336,14336,149408.00
16,14336,25600,255983.99
16,14336,27648,274640.01
16,14336,28672,283248.01
16,25600,128,14816.00
16,25600,256,15632.00
16,25600,512,16896.00
16,25600,1024,30224.00
16,25600,2048,46432.00
16,25600,3072,63296.00
16,25600,4096,79616.00
16,25600,5120,96416.00
16,25600,8192,150960.00
16,25600,11008,207264.00
16,25600,13824,250112.00
16,25600,14336,258000.00
16,25600,25600,444800.00
16,25600,27648,468352.00
16,25600,28672,490016.00
16,27648,128,15248.00
16,27648,256,15792.00
16,27648,512,17552.00
16,27648,1024,31072.00
16,27648,2048,48416.00
16,27648,3072,66464.00
16,27648,4096,83248.00
16,27648,5120,101392.00
16,27648,8192,158880.00
16,27648,11008,208864.00
16,27648,13824,265199.99
16,27648,14336,274400.00
16,27648,25600,470687.99
16,27648,27648,505376.01
16,27648,28672,523216.01
16,28672,128,14832.00
16,28672,256,15712.00
16,28672,512,17568.00
16,28672,1024,32656.00
16,28672,2048,50608.00
16,28672,3072,69632.00
16,28672,4096,88352.00
16,28672,5120,108240.00
16,28672,8192,164464.00
16,28672,11008,214576.00
16,28672,13824,277872.00
16,28672,14336,280240.00
16,28672,25600,496048.00
16,28672,27648,532512.01
16,28672,28672,549696.00
32,128,128,14896.00
32,128,256,14784.00
32,128,512,14848.00
32,128,1024,14736.00
32,128,2048,15648.00
32,128,3072,16992.00
32,128,4096,16928.00
32,128,5120,17024.00
32,128,8192,17104.00
32,128,11008,17136.00
32,128,13824,17072.00
32,128,14336,16992.00
32,128,25600,17520.00
32,128,27648,17408.00
32,128,28672,17024.00
32,256,128,14896.00
32,256,256,14992.00
32,256,512,14832.00
32,256,1024,14848.00
32,256,2048,15712.00
32,256,3072,16960.00
32,256,4096,16896.00
32,256,5120,16896.00
32,256,8192,17120.00
32,256,11008,16896.00
32,256,13824,16960.00
32,256,14336,17120.00
32,256,25600,17568.00
32,256,27648,17552.00
32,256,28672,17728.00
32,512,128,15024.00
32,512,256,15024.00
32,512,512,15008.00
32,512,1024,14864.00
32,512,2048,15616.00
32,512,3072,16928.00
32,512,4096,16896.00
32,512,5120,17056.00
32,512,8192,16880.00
32,512,11008,16864.00
32,512,13824,17552.00
32,512,14336,17440.00
32,512,25600,19040.00
32,512,27648,19632.00
32,512,28672,19680.00
32,1024,128,14784.00
32,1024,256,14656.00
32,1024,512,14640.00
32,1024,1024,14832.00
32,1024,2048,15648.00
32,1024,3072,16816.00
32,1024,4096,16848.00
32,1024,5120,16880.00
32,1024,8192,17696.00
32,1024,11008,17952.00
32,1024,13824,19600.00
32,1024,14336,19120.00
32,1024,25600,32192.00
32,1024,27648,33504.00
32,1024,28672,34112.00
32,2048,128,15008.00
32,2048,256,14800.00
32,2048,512,14912.00
32,2048,1024,14752.00
32,2048,2048,15680.00
32,2048,3072,17056.00
32,2048,4096,17600.00
32,2048,5120,17808.00
32,2048,8192,20032.00
32,2048,11008,28848.00
32,2048,13824,33120.00
32,2048,14336,33792.00
32,2048,25600,48464.00
32,2048,27648,50768.00
32,2048,28672,52256.00
32,3072,128,14816.00
32,3072,256,14816.00
32,3072,512,14928.00
32,3072,1024,14768.00
32,3072,2048,15808.00
32,3072,3072,17056.00
32,3072,4096,19248.00
32,3072,5120,20416.00
32,3072,8192,32528.00
32,3072,11008,38240.00
32,3072,13824,43328.00
32,3072,14336,44416.00
32,3072,25600,66448.00
32,3072,27648,70624.00
32,3072,28672,73008.00
32,4096,128,14640.00
32,4096,256,14704.00
32,4096,512,14720.00
32,4096,1024,14752.00
32,4096,2048,15648.00
32,4096,3072,17168.00
32,4096,4096,18896.00
32,4096,5120,23120.00
32,4096,8192,36384.00
32,4096,11008,43744.00
32,4096,13824,50624.00
32,4096,14336,52576.00
32,4096,25600,83024.00
32,4096,27648,88864.00
32,4096,28672,90896.00
32,5120,128,15088.00
32,5120,256,14960.00
32,5120,512,14960.00
32,5120,1024,15152.00
32,5120,2048,16384.00
32,5120,3072,18416.00
32,5120,4096,23856.00
32,5120,5120,30128.00
32,5120,8192,42592.00
32,5120,11008,52144.00
32,5120,13824,60944.00
32,5120,14336,62912.00
32,5120,25600,100336.00
32,5120,27648,106736.00
32,5120,28672,111904.00
32,8192,128,14768.00
32,8192,256,14720.00
32,8192,512,14656.00
32,8192,1024,15648.00
32,8192,2048,18672.00
32,8192,3072,29136.00
32,8192,4096,34736.00
32,8192,5120,39968.00
32,8192,8192,55264.00
32,8192,11008,70640.00
32,8192,13824,84128.00
32,8192,14336,87056.00
32,8192,25600,148816.00
32,8192,27648,159807.99
32,8192,28672,164976.00
32,11008,128,14752.00
32,11008,256,14784.00
32,11008,512,14992.00
32,11008,1024,16560.00
32,11008,2048,26048.00
32,11008,3072,34288.00
32,11008,4096,43600.00
32,11008,5120,52064.00
32,11008,8192,79744.00
32,11008,11008,99296.00
32,11008,13824,118960.00
32,11008,14336,122096.00
32,11008,25600,202208.00
32,11008,27648,215072.01
32,11008,28672,226560.00
32,13824,128,14944.00
32,13824,256,14784.00
32,13824,512,15600.00
32,13824,1024,17632.00
32,13824,2048,31296.00
32,13824,3072,39744.00
32,13824,4096,48640.00
32,13824,5120,57248.00
32,13824,8192,86512.00
32,13824,11008,111216.00
32,13824,13824,145456.00
32,13824,14336,149760.00
32,13824,25600,250368.01
32,13824,27648,270752.00
32,13824,28672,276944.00
32,14336,128,15040.00
32,14336,256,14992.00
32,14336,512,15888.00
32,14336,1024,17200.00
32,14336,2048,31920.00
32,14336,3072,41280.00
32,14336,4096,50800.00
32,14336,5120,60112.00
32,14336,8192,88128.00
32,14336,11008,114096.00
32,14336,13824,144560.00
32,14336,14336,150160.00
32,14336,25600,263056.01
32,14336,27648,280864.00
32,14336,28672,290352.00
32,25600,128,15056.00
32,25600,256,15696.00
32,25600,512,17184.00
32,25600,1024,30560.00
32,25600,2048,47280.00
32,25600,3072,63936.00
32,25600,4096,80816.00
32,25600,5120,97792.00
32,25600,8192,150544.00
32,25600,11008,210320.00
32,25600,13824,258080.01
32,25600,14336,266592.00
32,25600,25600,452863.99
32,25600,27648,481840.00
32,25600,28672,494048.00
32,27648,128,15104.00
32,27648,256,15872.00
32,27648,512,17872.00
32,27648,1024,31728.00
32,27648,2048,49232.00
32,27648,3072,66800.00
32,27648,4096,84576.00
32,27648,5120,101856.00
32,27648,8192,159696.00
32,27648,11008,210224.00
32,27648,13824,279264.00
32,27648,14336,289088.00
32,27648,25600,479040.00
32,27648,27648,514896.01
32,27648,28672,532415.99
32,28672,128,15104.00
32,28672,256,15728.00
32,28672,512,18000.00
32,28672,1024,33296.00
32,28672,2048,52800.00
32,28672,3072,69760.00
32,28672,4096,92224.00
32,28672,5120,107616.00
32,28672,8192,170144.01
32,28672,11008,215648.00
32,28672,13824,267472.00
32,28672,14336,276432.01
32,28672,25600,484463.99
32,28672,27648,523696.01
32,28672,28672,541583.99
64,128,128,14944.00
64,128,256,15040.00
64,128,512,14912.00
64,128,1024,15056.00
64,128,2048,15760.00
64,128,3072,16736.00
64,128,4096,16896.00
64,128,5120,16832.00
64,128,8192,16928.00
64,128,11008,17216.00
64,128,13824,17056.00
64,128,14336,16896.00
64,128,25600,17728.00
64,128,27648,17840.00
64,128,28672,17488.00
64,256,128,14912.00
64,256,256,14992.00
64,256,512,14944.00
64,256,1024,14944.00
64,256,2048,15792.00
64,256,3072,17104.00
64,256,4096,17024.00
64,256,5120,16896.00
64,256,8192,16976.00
64,256,11008,17056.00
64,256,13824,16992.00
64,256,14336,17168.00
64,256,25600,17712.00
64,256,27648,17776.00
64,256,28672,17648.00
64,512,128,15008.00
64,512,256,14912.00
64,512,512,14880.00
64,512,1024,14832.00
64,512,2048,15808.00
64,512,3072,16848.00
64,512,4096,16816.00
64,512,5120,16848.00
64,512,8192,17520.00
64,512,11008,17712.00
64,512,13824,18272.00
64,512,14336,17728.00
64,512,25600,19424.00
64,512,27648,19664.00
64,512,28672,19888.00
64,1024,128,14800.00
64,1024,256,14736.00
64,1024,512,14960.00
64,1024,1024,14896.00
64,1024,2048,15776.00
64,1024,3072,16992.00
64,1024,4096,17568.00
64,1024,5120,17920.00
64,1024,8192,17632.00
64,1024,11008,18944.00
64,1024,13824,20352.00
64,1024,14336,20448.00
64,1024,25600,33344.00
64,1024,27648,34880.00
64,1024,28672,35168.00
64,2048,128,14960.00
64,2048,256,14896.00
64,2048,512,14736.00
64,2048,1024,14880.00
64,2048,2048,15760.00
64,2048,3072,17232.00
64,2048,4096,18672.00
64,2048,5120,20128.00
64,2048,8192,21808.00
64,2048,11008,30288.00
64,2048,13824,34256.00
64,2048,14336,34560.00
64,2048,25600,50112.00
64,2048,27648,52416.00
64,2048,28672,53920.00
64,3072,128,14832.00
64,3072,256,14896.00
64,3072,512,14912.00
64,3072,1024,14880.00
64,3072,2048,15968.00
64,3072,3072,17568.00
64,3072,4096,18912.00
64,3072,5120,20816.00
64,3072,8192,33328.00
64,3072,11008,38144.00
64,3072,13824,43712.00
64,3072,14336,44832.00
64,3072,25600,68992.00
64,3072,27648,73136.00
64,3072,28672,73776.00
64,4096,128,15072.00
64,4096,256,14960.00
64,4096,512,15056.00
64,4096,1024,15200.00
64,4096,2048,16176.00
64,4096,3072,17872.00
64,4096,4096,19968.00
64,4096,5120,23776.00
64,4096,8192,37520.00
64,4096,11008,44960.00
64,4096,13824,52304.00
64,4096,14336,53584.00
64,4096,25600,91504.00
64,4096,27648,95856.00
64,4096,28672,94688.00
64,5120,128,15088.00
64,5120,256,14848.00
64,5120,512,14912.00
64,5120,1024,15648.00
64,5120,2048,16832.00
64,5120,3072,18928.00
64,5120,4096,24208.00
64,5120,5120,30208.00
64,5120,8192,45680.00
64,5120,11008,54976.00
64,5120,13824,64032.00
64,5120,14336,65920.00
64,5120,25600,103264.00
64,5120,27648,109696.00
64,5120,28672,117312.00
64,8192,128,14864.00
64,8192,256,14864.00
64,8192,512,15248.00
64,8192,1024,16416.00
64,8192,2048,20240.00
64,8192,3072,29456.00
64,8192,4096,34672.00
64,8192,5120,40080.00
64,8192,8192,56288.00
64,8192,11008,70848.00
64,8192,13824,85360.00
64,8192,14336,87776.00
64,8192,25600,152880.00
64,8192,27648,163440.00
64,8192,28672,169632.00
64,11008,128,15072.00
64,11008,256,14944.00
64,11008,512,15600.00
64,11008,1024,16768.00
64,11008,2048,26912.00
64,11008,3072,35168.00
64,11008,4096,43344.00
64,11008,5120,50592.00
64,11008,8192,72128.00
64,11008,11008,94064.00
64,11008,13824,111984.00
64,11008,14336,125744.00
64,11008,25600,209680.00
64,11008,27648,223520.00
64,11008,28672,236848.00
64,13824,128,15040.00
64,13824,256,15120.00
64,13824,512,16000.00
64,13824,1024,17712.00
64,13824,2048,32400.00
64,13824,3072,41376.00
64,13824,4096,50560.00
64,13824,5120,59648.00
64,13824,8192,87152.00
64,13824,11008,113408.00
64,13824,13824,151984.00
64,13824,14336,156704.00
64,13824,25600,262208.00
64,13824,27648,278976.01
64,13824,28672,288959.99
64,14336,128,15168.00
64,14336,256,14992.00
64,14336,512,15744.00
64,14336,1024,17648.00
64,14336,2048,32624.00
64,14336,3072,41680.00
64,14336,4096,51008.00
64,14336,5120,60704.00
64,14336,8192,88736.00
64,14336,11008,114528.00
64,14336,13824,140432.00
64,14336,14336,144864.00
64,14336,25600,248432.00
64,14336,27648,267920.00
64,14336,28672,276608.01
64,25600,128,15104.00
64,25600,256,15888.00
64,25600,512,17200.00
64,25600,1024,31184.00
64,25600,2048,48048.00
64,25600,3072,66224.00
64,25600,4096,81392.00
64,25600,5120,98144.00
64,25600,8192,152720.00
64,25600,11008,200000.00
64,25600,13824,247248.00
64,25600,14336,256528.01
64,25600,25600,459999.99
64,25600,27648,493824.01
64,25600,28672,512207.98
64,27648,128,15344.00
64,27648,256,16048.00
64,27648,512,17952.00
64,27648,1024,32704.00
64,27648,2048,50848.00
64,27648,3072,68816.00
64,27648,4096,86976.00
64,27648,5120,106896.00
64,27648,8192,161296.00
64,27648,11008,211408.00
64,27648,13824,261952.00
64,27648,14336,271663.99
64,27648,25600,475104.00
64,27648,27648,511504.02
64,27648,28672,549200.00
64,28672,128,15232.00
64,28672,256,15904.00
64,28672,512,18048.00
64,28672,1024,33168.00
64,28672,2048,52768.00
64,28672,3072,71248.00
64,28672,4096,90000.00
64,28672,5120,108336.00
64,28672,8192,166128.00
64,28672,11008,217424.00
64,28672,13824,269792.01
64,28672,14336,278144.00
64,28672,25600,498128.01
64,28672,27648,531888.01
64,28672,28672,553999.99
128,128,128,14848.00
128,128,256,14944.00
128,128,512,14800.00
128,128,1024,14720.00
128,128,2048,15632.00
128,128,3072,16912.00
128,128,4096,16800.00
128,128,5120,17040.00
128,128,8192,16912.00
128,128,11008,17232.00
128,128,13824,16992.00
128,128,14336,17072.00
128,128,25600,17664.00
128,128,27648,17776.00
128,128,28672,17728.00
128,256,128,14976.00
128,256,256,14944.00
128,256,512,14832.00
128,256,1024,14912.00
128,256,2048,15968.00
128,256,3072,16944.00
128,256,4096,16944.00
128,256,5120,16896.00
128,256,8192,17120.00
128,256,11008,17888.00
128,256,13824,18272.00
128,256,14336,17936.00
128,256,25600,19632.00
128,256,27648,19680.00
128,256,28672,20144.00
128,512,128,15296.00
128,512,256,14944.00
128,512,512,15040.00
128,512,1024,14896.00
128,512,2048,15808.00
128,512,3072,16992.00
128,512,4096,17600.00
128,512,5120,17936.00
128,512,8192,17824.00
128,512,11008,18640.00
128,512,13824,19200.00
128,512,14336,19520.00
128,512,25600,23600.00
128,512,27648,24688.00
128,512,28672,24672.00
128,1024,128,15120.00
128,1024,256,14880.00
128,1024,512,15008.00
128,1024,1024,15136.00
128,1024,2048,15856.00
128,1024,3072,17232.00
128,1024,4096,18640.00
128,1024,5120,20016.00
128,1024,8192,19760.00
128,1024,11008,22240.00
128,1024,13824,24320.00
128,1024,14336,24336.00
128,1024,25600,35312.00
128,1024,27648,36688.00
128,1024,28672,37504.00
128,2048,128,14816.00
128,2048,256,14960.00
128,2048,512,14912.00
128,2048,1024,15008.00
128,2048,2048,16128.00
128,2048,3072,17824.00
128,2048,4096,19456.00
128,2048,5120,21248.00
128,2048,8192,26880.00
128,2048,11008,32256.00
128,2048,13824,37680.00
128,2048,14336,38720.00
128,2048,25600,52624.00
128,2048,27648,56144.00
128,2048,28672,56832.00
128,3072,128,15184.00
128,3072,256,15040.00
128,3072,512,15008.00
128,3072,1024,15440.00
128,3072,2048,16640.00
128,3072,3072,18576.00
128,3072,4096,20080.00
128,3072,5120,22192.00
128,3072,8192,30496.00
128,3072,11008,41120.00
128,3072,13824,46688.00
128,3072,14336,47776.00
128,3072,25600,72016.00
128,3072,27648,76064.00
128,3072,28672,78000.00
128,4096,128,15280.00
128,4096,256,15088.00
128,4096,512,15216.00
128,4096,1024,15952.00
128,4096,2048,18672.00
128,4096,3072,21696.00
128,4096,4096,24992.00
128,4096,5120,29504.00
128,4096,8192,36656.00
128,4096,11008,47792.00
128,4096,13824,58800.00
128,4096,14336,60448.00
128,4096,25600,95184.00
128,4096,27648,99840.00
128,4096,28672,103408.00
128,5120,128,14864.00
128,5120,256,14944.00
128,5120,512,15136.00
128,5120,1024,15680.00
128,5120,2048,18192.00
128,5120,3072,21040.00
128,5120,4096,26560.00
128,5120,5120,30944.00
128,5120,8192,43376.00
128,5120,11008,53696.00
128,5120,13824,69088.00
128,5120,14336,70944.00
128,5120,25600,108896.00
128,5120,27648,115776.00
128,5120,28672,119104.00
128,8192,128,15072.00
128,8192,256,15008.00
128,8192,512,15680.00
128,8192,1024,16352.00
128,8192,2048,19904.00
128,8192,3072,30416.00
128,8192,4096,35552.00
128,8192,5120,41152.00
128,8192,8192,56992.00
128,8192,11008,72128.00
128,8192,13824,87024.00
128,8192,14336,89760.00
128,8192,25600,161136.00
128,8192,27648,170544.00
128,8192,28672,176368.00
128,11008,128,15040.00
128,11008,256,15200.00
128,11008,512,15824.00
128,11008,1024,18144.00
128,11008,2048,28944.00
128,11008,3072,36112.00
128,11008,4096,43472.00
128,11008,5120,50592.00
128,11008,8192,72208.00
128,11008,11008,92112.00
128,11008,13824,111488.00
128,11008,14336,114896.00
128,11008,25600,222464.00
128,11008,27648,238112.00
128,11008,28672,241472.00
128,13824,128,15024.00
128,13824,256,15504.00
128,13824,512,16224.00
128,13824,1024,18976.00
128,13824,2048,33392.00
128,13824,3072,43040.00
128,13824,4096,52560.00
128,13824,5120,61632.00
128,13824,8192,89744.00
128,13824,11008,114336.00
128,13824,13824,140144.00
128,13824,14336,144608.00
128,13824,25600,270656.00
128,13824,27648,293343.99
128,13824,28672,301472.01
128,14336,128,14912.00
128,14336,256,15552.00
128,14336,512,16128.00
128,14336,1024,18992.00
128,14336,2048,34096.00
128,14336,3072,43968.00
128,14336,4096,53568.00
128,14336,5120,63056.00
128,14336,8192,91200.00
128,14336,11008,116512.00
128,14336,13824,143392.00
128,14336,14336,147760.00
128,14336,25600,252336.01
128,14336,27648,270880.00
128,14336,28672,281519.99
128,25600,128,15840.00
128,25600,256,17280.00
128,25600,512,22080.00
128,25600,1024,43520.00
128,25600,2048,72496.00
128,25600,3072,68848.00
128,25600,4096,86048.00
128,25600,5120,102992.00
128,25600,8192,153968.00
128,25600,11008,200912.00
128,25600,13824,246976.00
128,25600,14336,256447.99
128,25600,25600,442144.01
128,25600,27648,476415.99
128,25600,28672,494656.00
128,27648,128,16080.00
128,27648,256,17632.00
128,27648,512,21824.00
128,27648,1024,45136.00
128,27648,2048,55456.00
128,27648,3072,74480.00
128,27648,4096,93328.00
128,27648,5120,111824.00
128,27648,8192,167136.01
128,27648,11008,217535.99
128,27648,13824,269088.00
128,27648,14336,279839.99
128,27648,25600,486959.99
128,27648,27648,525263.99
128,27648,28672,545535.98
128,28672,128,16096.00
128,28672,256,17840.00
128,28672,512,22352.00
128,28672,1024,45712.00
128,28672,2048,73376.00
128,28672,3072,76240.00
128,28672,4096,95936.00
128,28672,5120,114720.00
128,28672,8192,170224.00
128,28672,11008,224192.00
128,28672,13824,274416.00
128,28672,14336,284607.99
128,28672,25600,497552.01
128,28672,27648,537999.99
128,28672,28672,553215.98
256,128,128,15072.00
256,128,256,15056.00
256,128,512,15024.00
256,128,1024,15040.00
256,128,2048,15952.00
256,128,3072,17072.00
256,128,4096,17056.00
256,128,5120,17488.00
256,128,8192,17792.00
256,128,11008,18000.00
256,128,13824,18768.00
256,128,14336,17792.00
256,128,25600,20704.00
256,128,27648,21056.00
256,128,28672,21376.00
256,256,128,14912.00
256,256,256,14976.00
256,256,512,14928.00
256,256,1024,14880.00
256,256,2048,15728.00
256,256,3072,17088.00
256,256,4096,17712.00
256,256,5120,17936.00
256,256,8192,17744.00
256,256,11008,18512.00
256,256,13824,19440.00
256,256,14336,19680.00
256,256,25600,21568.00
256,256,27648,22336.00
256,256,28672,22512.00
256,512,128,14960.00
256,512,256,14976.00
256,512,512,14944.00
256,512,1024,15024.00
256,512,2048,15856.00
256,512,3072,17360.00
256,512,4096,18736.00
256,512,5120,20352.00
256,512,8192,18720.00
256,512,11008,20640.00
256,512,13824,22192.00
256,512,14336,22448.00
256,512,25600,30816.00
256,512,27648,32112.00
256,512,28672,32896.00
256,1024,128,14912.00
256,1024,256,14944.00
256,1024,512,15088.00
256,1024,1024,15312.00
256,1024,2048,16384.00
256,1024,3072,18400.00
256,1024,4096,19584.00
256,1024,5120,22352.00
256,1024,8192,23824.00
256,1024,11008,28768.00
256,1024,13824,33056.00
256,1024,14336,34112.00
256,1024,25600,42688.00
256,1024,27648,44992.00
256,1024,28672,41776.00
256,2048,128,14944.00
256,2048,256,14896.00
256,2048,512,14848.00
256,2048,1024,15616.00
256,2048,2048,17120.00
256,2048,3072,19840.00
256,2048,4096,22080.00
256,2048,5120,26032.00
256,2048,8192,31920.00
256,2048,11008,45408.00
256,2048,13824,43584.00
256,2048,14336,45200.00
256,2048,25600,68192.00
256,2048,27648,71536.00
256,2048,28672,73200.00
256,3072,128,15008.00
256,3072,256,14848.00
256,3072,512,15040.00
256,3072,1024,15904.00
256,3072,2048,19296.00
256,3072,3072,22720.00
256,3072,4096,26496.00
256,3072,5120,30816.00
256,3072,8192,40640.00
256,3072,11008,54160.00
256,3072,13824,56624.00
256,3072,14336,57472.00
256,3072,25600,89952.00
256,3072,27648,95440.00
256,3072,28672,98032.00
256,4096,128,14976.00
256,4096,256,15024.00
256,4096,512,15664.00
256,4096,1024,16416.00
256,4096,2048,19872.00
256,4096,3072,23424.00
256,4096,4096,28672.00
256,4096,5120,32544.00
256,4096,8192,43392.00
256,4096,11008,59104.00
256,4096,13824,66512.00
256,4096,14336,70336.00
256,4096,25600,101040.00
256,4096,27648,108992.00
256,4096,28672,111520.00
256,5120,128,15040.00
256,5120,256,14944.00
256,5120,512,15712.00
256,5120,1024,17744.00
256,5120,2048,22224.00
256,5120,3072,27264.00
256,5120,4096,33248.00
256,5120,5120,35168.00
256,5120,8192,46656.00
256,5120,11008,57552.00
256,5120,13824,69440.00
256,5120,14336,70768.00
256,5120,25600,123472.00
256,5120,27648,130416.00
256,5120,28672,135568.00
256,8192,128,14880.00
256,8192,256,15744.00
256,8192,512,16432.00
256,8192,1024,19232.00
256,8192,2048,24928.00
256,8192,3072,33040.00
256,8192,4096,38464.00
256,8192,5120,44320.00
256,8192,8192,60592.00
256,8192,11008,88384.00
256,8192,13824,102400.00
256,8192,14336,105232.00
256,8192,25600,174688.00
256,8192,27648,190160.00
256,8192,28672,208576.00
256,11008,128,16080.00
256,11008,256,17632.00
256,11008,512,20560.00
256,11008,1024,25360.00
256,11008,2048,35984.00
256,11008,3072,45424.00
256,11008,4096,55280.00
256,11008,5120,64704.00
256,11008,8192,102288.00
256,11008,11008,114688.00
256,11008,13824,138560.00
256,11008,14336,142208.00
256,11008,25600,237072.00
256,11008,27648,264463.99
256,11008,28672,274480.00
256,13824,128,16448.00
256,13824,256,18608.00
256,13824,512,22320.00
256,13824,1024,28448.00
256,13824,2048,41328.00
256,13824,3072,53712.00
256,13824,4096,65664.00
256,13824,5120,74256.00
256,13824,8192,108208.00
256,13824,11008,138720.01
256,13824,13824,168720.00
256,13824,14336,174592.00
256,13824,25600,293583.99
256,13824,27648,330655.99
256,13824,28672,347519.99
256,14336,128,16448.00
256,14336,256,18352.00
256,14336,512,22016.00
256,14336,1024,36272.00
256,14336,2048,40800.00
256,14336,3072,52160.00
256,14336,4096,63424.00
256,14336,5120,75104.00
256,14336,8192,112928.00
256,14336,11008,145952.00
256,14336,13824,170720.00
256,14336,14336,176512.00
256,14336,25600,296575.99
256,14336,27648,329504.00
256,14336,28672,347999.99
256,25600,128,19696.00
256,25600,256,23184.00
256,25600,512,29568.00
256,25600,1024,42848.00
256,25600,2048,66144.00
256,25600,3072,91472.00
256,25600,4096,118176.00
256,25600,5120,133408.00
256,25600,8192,199200.00
256,25600,11008,260448.01
256,25600,13824,320688.01
256,25600,14336,339583.99
256,25600,25600,604943.99
256,25600,27648,668608.01
256,25600,28672,704400.00
256,27648,128,20144.00
256,27648,256,23552.00
256,27648,512,30832.00
256,27648,1024,44416.00
256,27648,2048,68640.00
256,27648,3072,98944.00
256,27648,4096,118608.00
256,27648,5120,142448.00
256,27648,8192,210144.00
256,27648,11008,271040.01
256,27648,13824,340864.00
256,27648,14336,354304.00
256,27648,25600,627728.02
256,27648,27648,681983.98
256,27648,28672,727119.98
256,28672,128,20320.00
256,28672,256,24000.00
256,28672,512,31312.00
256,28672,1024,45280.00
256,28672,2048,68528.00
256,28672,3072,99568.00
256,28672,4096,127344.00
256,28672,5120,151264.00
256,28672,8192,224288.00
256,28672,11008,278111.99
256,28672,13824,345503.99
256,28672,14336,372175.99
256,28672,25600,633456.02
256,28672,27648,698048.00
256,28672,28672,749008.00
512,128,128,14880.00
512,128,256,14992.00
512,128,512,14960.00
512,128,1024,15712.00
512,128,2048,17376.00
512,128,3072,18160.00
512,128,4096,18896.00
512,128,5120,20080.00
512,128,8192,19520.00
512,128,11008,21120.00
512,128,13824,20368.00
512,128,14336,20448.00
512,128,25600,21472.00
512,128,27648,23216.00
512,128,28672,23648.00
512,256,128,15152.00
512,256,256,14944.00
512,256,512,15024.00
512,256,1024,15200.00
512,256,2048,16448.00
512,256,3072,18096.00
512,256,4096,19920.00
512,256,5120,21552.00
512,256,8192,19136.00
512,256,11008,20720.00
512,256,13824,22208.00
512,256,14336,21824.00
512,256,25600,31840.00
512,256,27648,33520.00
512,256,28672,34496.00
512,512,128,15024.00
512,512,256,15104.00
512,512,512,14976.00
512,512,1024,15728.00
512,512,2048,17088.00
512,512,3072,18240.00
512,512,4096,19616.00
512,512,5120,21552.00
512,512,8192,23616.00
512,512,11008,26944.00
512,512,13824,31632.00
512,512,14336,32704.00
512,512,25600,38048.00
512,512,27648,39632.00
512,512,28672,40176.00
512,1024,128,14912.00
512,1024,256,15056.00
512,1024,512,14864.00
512,1024,1024,15648.00
512,1024,2048,17152.00
512,1024,3072,20112.00
512,1024,4096,21568.00
512,1024,5120,25504.00
512,1024,8192,30992.00
512,1024,11008,41920.00
512,1024,13824,42704.00
512,1024,14336,41568.00
512,1024,25600,53824.00
512,1024,27648,67584.00
512,1024,28672,58336.00
512,2048,128,15200.00
512,2048,256,15152.00
512,2048,512,15776.00
512,2048,1024,16736.00
512,2048,2048,20736.00
512,2048,3072,24384.00
512,2048,4096,27536.00
512,2048,5120,33056.00
512,2048,8192,43680.00
512,2048,11008,59392.00
512,2048,13824,65120.00
512,2048,14336,69296.00
512,2048,25600,88576.00
512,2048,27648,94256.00
512,2048,28672,98096.00
512,3072,128,15072.00
512,3072,256,15264.00
512,3072,512,16048.00
512,3072,1024,18192.00
512,3072,2048,23360.00
512,3072,3072,28672.00
512,3072,4096,33760.00
512,3072,5120,40320.00
512,3072,8192,54528.00
512,3072,11008,74400.00
512,3072,13824,85520.00
512,3072,14336,88640.00
512,3072,25600,153072.00
512,3072,27648,161440.00
512,3072,28672,147472.00
512,4096,128,15040.00
512,4096,256,15760.00
512,4096,512,16496.00
512,4096,1024,19152.00
512,4096,2048,24640.00
512,4096,3072,30144.00
512,4096,4096,35760.00
512,4096,5120,40976.00
512,4096,8192,56976.00
512,4096,11008,72736.00
512,4096,13824,90592.00
512,4096,14336,93680.00
512,4096,25600,158496.00
512,4096,27648,170160.00
512,4096,28672,189520.00
512,5120,128,15808.00
512,5120,256,16768.00
512,5120,512,18832.00
512,5120,1024,22944.00
512,5120,2048,31664.00
512,5120,3072,39056.00
512,5120,4096,46448.00
512,5120,5120,53872.00
512,5120,8192,86320.00
512,5120,11008,107728.00
512,5120,13824,121184.00
512,5120,14336,124416.00
512,5120,25600,217936.00
512,5120,27648,232272.00
512,5120,28672,240592.00
512,8192,128,16512.00
512,8192,256,17952.00
512,8192,512,20992.00
512,8192,1024,26848.00
512,8192,2048,38688.00
512,8192,3072,49760.00
512,8192,4096,60576.00
512,8192,5120,72224.00
512,8192,8192,110896.00
512,8192,11008,142416.00
512,8192,13824,170608.00
512,8192,14336,176351.99
512,8192,25600,298032.00
512,8192,27648,332143.99
512,8192,28672,356928.01
512,11008,128,19360.00
512,11008,256,21520.00
512,11008,512,26800.00
512,11008,1024,36960.00
512,11008,2048,56336.00
512,11008,3072,75168.00
512,11008,4096,95024.00
512,11008,5120,115312.00
512,11008,8192,163072.00
512,11008,11008,210592.00
512,11008,13824,258976.00
512,11008,14336,267888.01
512,11008,25600,469808.00
512,11008,27648,523760.02
512,11008,28672,547536.02
512,13824,128,20304.00
512,13824,256,23872.00
512,13824,512,30272.00
512,13824,1024,43312.00
512,13824,2048,68832.00
512,13824,3072,95280.00
512,13824,4096,116720.00
512,13824,5120,141808.00
512,13824,8192,211600.00
512,13824,11008,274192.01
512,13824,13824,328495.99
512,13824,14336,339519.99
512,13824,25600,592368.01
512,13824,27648,660463.99
512,13824,28672,683712.01
512,14336,128,19856.00
512,14336,256,23184.00
512,14336,512,29264.00
512,14336,1024,41968.00
512,14336,2048,65888.00
512,14336,3072,90672.00
512,14336,4096,119376.00
512,14336,5120,143280.00
512,14336,8192,202272.01
512,14336,11008,263104.01
512,14336,13824,324000.00
512,14336,14336,349792.00
512,14336,25600,606864.01
512,14336,27648,669647.99
512,14336,28672,694832.00
512,25600,128,27920.00
512,25600,256,34480.00
512,25600,512,46512.00
512,25600,1024,69408.00
512,25600,2048,117120.00
512,25600,3072,164432.00
512,25600,4096,191856.00
512,25600,5120,232336.00
512,25600,8192,353407.99
512,25600,11008,464528.01
512,25600,13824,594463.97
512,25600,14336,621151.98
512,25600,25600,1084848.05
512,25600,27648,1207199.99
512,25600,28672,1277503.97
512,27648,128,28768.00
512,27648,256,35488.00
512,27648,512,47664.00
512,27648,1024,70688.00
512,27648,2048,123008.00
512,27648,3072,160080.00
512,27648,4096,206800.00
512,27648,5120,250320.00
512,27648,8192,385104.00
512,27648,11008,525359.99
512,27648,13824,672847.99
512,27648,14336,699232.01
512,27648,25600,1224911.99
512,27648,27648,1332624.02
512,27648,28672,1365184.01
512,28672,128,29312.00
512,28672,256,37584.00
512,28672,512,49808.00
512,28672,1024,74512.00
512,28672,2048,116544.00
512,28672,3072,163408.00
512,28672,4096,208144.00
512,28672,5120,238256.00
512,28672,8192,361375.99
512,28672,11008,488144.00
512,28672,13824,616896.00
512,28672,14336,654496.01
512,28672,25600,1173856.02
512,28672,27648,1285183.97
512,28672,28672,1305520.00
1024,128,128,14896.00
1024,128,256,14880.00
1024,128,512,14976.00
1024,128,1024,15760.00
1024,128,2048,17280.00
1024,128,3072,19536.00
1024,128,4096,21552.00
1024,128,5120,23664.00
1024,128,8192,20896.00
1024,128,11008,22336.00
1024,128,13824,24320.00
1024,128,14336,23440.00
1024,128,25600,35824.00
1024,128,27648,36800.00
1024,128,28672,37664.00
1024,256,128,14800.00
1024,256,256,14944.00
1024,256,512,14896.00
1024,256,1024,15696.00
1024,256,2048,17392.00
1024,256,3072,18272.00
1024,256,4096,19744.00
1024,256,5120,21664.00
1024,256,8192,23600.00
1024,256,11008,27840.00
1024,256,13824,31936.00
1024,256,14336,32960.00
1024,256,25600,41504.00
1024,256,27648,42880.00
1024,256,28672,43584.00
1024,512,128,14992.00
1024,512,256,14912.00
1024,512,512,14896.00
1024,512,1024,15600.00
1024,512,2048,17104.00
1024,512,3072,19248.00
1024,512,4096,21344.00
1024,512,5120,23872.00
1024,512,8192,31136.00
1024,512,11008,42336.00
1024,512,13824,38816.00
1024,512,14336,39200.00
1024,512,25600,53056.00
1024,512,27648,56000.00
1024,512,28672,57360.00
1024,1024,128,14880.00
1024,1024,256,14816.00
1024,1024,512,15440.00
1024,1024,1024,16288.00
1024,1024,2048,19680.00
1024,1024,3072,22848.00
1024,1024,4096,25952.00
1024,1024,5120,30928.00
1024,1024,8192,39856.00
1024,1024,11008,52896.00
1024,1024,13824,57200.00
1024,1024,14336,60976.00
1024,1024,25600,88464.00
1024,1024,27648,95280.00
1024,1024,28672,96800.00
1024,2048,128,15056.00
1024,2048,256,15792.00
1024,2048,512,16160.00
1024,2048,1024,19264.00
1024,2048,2048,25024.00
1024,2048,3072,30608.00
1024,2048,4096,35936.00
1024,2048,5120,41648.00
1024,2048,8192,57280.00
1024,2048,11008,73408.00
1024,2048,13824,91392.00
1024,2048,14336,94768.00
1024,2048,25600,157952.00
1024,2048,27648,164960.00
1024,2048,28672,187744.00
1024,3072,128,15888.00
1024,3072,256,16992.00
1024,3072,512,19488.00
1024,3072,1024,24512.00
1024,3072,2048,33728.00
1024,3072,3072,43392.00
1024,3072,4096,52208.00
1024,3072,5120,60544.00
1024,3072,8192,83776.00
1024,3072,11008,110464.00
1024,3072,13824,133616.00
1024,3072,14336,138480.00
1024,3072,25600,231728.00
1024,3072,27648,248768.00
1024,3072,28672,257248.00
1024,4096,128,16480.00
1024,4096,256,17760.00
1024,4096,512,20864.00
1024,4096,1024,26496.00
1024,4096,2048,38064.00
1024,4096,3072,48640.00
1024,4096,4096,59424.00
1024,4096,5120,70704.00
1024,4096,8192,107360.00
1024,4096,11008,138496.00
1024,4096,13824,169504.00
1024,4096,14336,177008.00
1024,4096,25600,308240.01
1024,4096,27648,331968.01
1024,4096,28672,342304.01
1024,5120,128,17760.00
1024,5120,256,19664.00
1024,5120,512,23696.00
1024,5120,1024,31264.00
1024,5120,2048,48144.00
1024,5120,3072,63632.00
1024,5120,4096,79168.00
1024,5120,5120,95696.00
1024,5120,8192,145023.99
1024,5120,11008,186736.00
1024,5120,13824,214672.00
1024,5120,14336,224896.00
1024,5120,25600,395392.00
1024,5120,27648,427151.99
1024,5120,28672,456976.00
1024,8192,128,20480.00
1024,8192,256,23872.00
1024,8192,512,30592.00
1024,8192,1024,43504.00
1024,8192,2048,68544.00
1024,8192,3072,94144.00
1024,8192,4096,120912.00
1024,8192,5120,145920.00
1024,8192,8192,206304.00
1024,8192,11008,268784.00
1024,8192,13824,336384.01
1024,8192,14336,358272.00
1024,8192,25600,640624.02
1024,8192,27648,690304.01
1024,8192,28672,745728.02
1024,11008,128,26112.00
1024,11008,256,31456.00
1024,11008,512,41536.00
1024,11008,1024,60864.00
1024,11008,2048,101952.00
1024,11008,3072,131936.01
1024,11008,4096,167648.00
1024,11008,5120,202352.00
1024,11008,8192,297808.01
1024,11008,11008,390304.00
1024,11008,13824,482672.01
1024,11008,14336,523536.03
1024,11008,25600,916671.99
1024,11008,27648,1002752.01
1024,11008,28672,1031264.01
1024,13824,128,26352.00
1024,13824,256,34752.00
1024,13824,512,47136.00
1024,13824,1024,70560.00
1024,13824,2048,119968.00
1024,13824,3072,166896.00
1024,13824,4096,213792.00
1024,13824,5120,248304.00
1024,13824,8192,377936.01
1024,13824,11008,503424.02
1024,13824,13824,640864.01
1024,13824,14336,678895.98
1024,13824,25600,1234175.98
1024,13824,27648,1326655.98
1024,13824,28672,1385919.99
1024,14336,128,28768.00
1024,14336,256,36288.00
1024,14336,512,48448.00
1024,14336,1024,71984.00
1024,14336,2048,119376.00
1024,14336,3072,167136.00
1024,14336,4096,214144.01
1024,14336,5120,238512.00
1024,14336,8192,362592.00
1024,14336,11008,477504.00
1024,14336,13824,615472.02
1024,14336,14336,671040.00
1024,14336,25600,1160048.01
1024,14336,27648,1282559.99
1024,14336,28672,1329424.02
1024,25600,128,38896.00
1024,25600,256,49584.00
1024,25600,512,69408.00
1024,25600,1024,110288.00
1024,25600,2048,181376.00
1024,25600,3072,252687.99
1024,25600,4096,325119.99
1024,25600,5120,407792.00
1024,25600,8192,701024.03
1024,25600,11008,917184.00
1024,25600,13824,1137552.02
1024,25600,14336,1155103.98
1024,25600,25600,2023344.04
1024,25600,27648,2258112.07
1024,25600,28672,2343840.00
1024,27648,128,42848.00
1024,27648,256,54432.00
1024,27648,512,85440.00
1024,27648,1024,134672.00
1024,27648,2048,223120.00
1024,27648,3072,288048.00
1024,27648,4096,371328.00
1024,27648,5120,469727.99
1024,27648,8192,753311.99
1024,27648,11008,1039391.99
1024,27648,13824,1263231.99
1024,27648,14336,1269472.00
1024,27648,25600,2243488.07
1024,27648,27648,2528431.89
1024,27648,28672,2565072.06
1024,28672,128,42720.00
1024,28672,256,52720.00
1024,28672,512,76880.00
1024,28672,1024,119600.00
1024,28672,2048,207872.00
1024,28672,3072,291456.00
1024,28672,4096,365456.00
1024,28672,5120,463056.00
1024,28672,8192,728416.03
1024,28672,11008,1004480.00
1024,28672,13824,1252623.98
1024,28672,14336,1300384.04
1024,28672,25600,2322879.91
1024,28672,27648,2532768.01
1024,28672,28672,2570368.05
2048,128,128,14896.00
2048,128,256,15136.00
2048,128,512,15680.00
2048,128,1024,16160.00
2048,128,2048,19008.00
2048,128,3072,20928.00
2048,128,4096,23232.00
2048,128,5120,26128.00
2048,128,8192,27536.00
2048,128,11008,35440.00
2048,128,13824,39312.00
2048,128,14336,39952.00
2048,128,25600,55920.00
2048,128,27648,57072.00
2048,128,28672,60128.00
2048,256,128,15056.00
2048,256,256,15008.00
2048,256,512,14976.00
2048,256,1024,15824.00
2048,256,2048,17248.00
2048,256,3072,19440.00
2048,256,4096,21536.00
2048,256,5120,23520.00
2048,256,8192,31952.00
2048,256,11008,42944.00
2048,256,13824,43408.00
2048,256,14336,44544.00
2048,256,25600,61568.00
2048,256,27648,65024.00
2048,256,28672,66272.00
2048,512,128,15072.00
2048,512,256,15040.00
2048,512,512,15216.00
2048,512,1024,16288.00
2048,512,2048,19648.00
2048,512,3072,23136.00
2048,512,4096,26544.00
2048,512,5120,31584.00
2048,512,8192,38624.00
2048,512,11008,56368.00
2048,512,13824,55632.00
2048,512,14336,62160.00
2048,512,25600,88096.00
2048,512,27648,96896.00
2048,512,28672,99712.00
2048,1024,128,14944.00
2048,1024,256,15760.00
2048,1024,512,16368.00
2048,1024,1024,18864.00
2048,1024,2048,24096.00
2048,1024,3072,30080.00
2048,1024,4096,35776.00
2048,1024,5120,40928.00
2048,1024,8192,56960.00
2048,1024,11008,72480.00
2048,1024,13824,90192.00
2048,1024,14336,93104.00
2048,1024,25600,154480.00
2048,1024,27648,165664.00
2048,1024,28672,171424.00
2048,2048,128,16176.00
2048,2048,256,17408.00
2048,2048,512,20160.00
2048,2048,1024,25456.00
2048,2048,2048,36000.00
2048,2048,3072,50736.00
2048,2048,4096,62000.00
2048,2048,5120,73552.00
2048,2048,8192,105328.00
2048,2048,11008,136000.00
2048,2048,13824,166000.00
2048,2048,14336,172880.00
2048,2048,25600,290944.00
2048,2048,27648,325935.99
2048,2048,28672,343664.01
2048,3072,128,18400.00
2048,3072,256,20800.00
2048,3072,512,25664.00
2048,3072,1024,35200.00
2048,3072,2048,53216.00
2048,3072,3072,70992.00
2048,3072,4096,90032.00
2048,3072,5120,109872.00
2048,3072,8192,157360.00
2048,3072,11008,205008.00
2048,3072,13824,251567.99
2048,3072,14336,274336.00
2048,3072,25600,477008.00
2048,3072,27648,530207.99
2048,3072,28672,558800.01
2048,4096,128,20592.00
2048,4096,256,24304.00
2048,4096,512,30976.00
2048,4096,1024,44064.00
2048,4096,2048,70752.00
2048,4096,3072,90624.00
2048,4096,4096,116800.00
2048,4096,5120,141456.00
2048,4096,8192,205520.00
2048,4096,11008,268592.00
2048,4096,13824,331312.00
2048,4096,14336,343536.00
2048,4096,25600,609312.03
2048,4096,27648,688144.00
2048,4096,28672,710464.00
2048,5120,128,22800.00
2048,5120,256,27264.00
2048,5120,512,35504.00
2048,5120,1024,52208.00
2048,5120,2048,82800.00
2048,5120,3072,109296.00
2048,5120,4096,140127.99
2048,5120,5120,169424.00
2048,5120,8192,255519.99
2048,5120,11008,332271.99
2048,5120,13824,430592.00
2048,5120,14336,460640.00
2048,5120,25600,827008.01
2048,5120,27648,874080.00
2048,5120,28672,892943.98
2048,8192,128,29248.00
2048,8192,256,36272.00
2048,8192,512,48976.00
2048,8192,1024,74448.00
2048,8192,2048,126272.00
2048,8192,3072,168416.00
2048,8192,4096,214752.00
2048,8192,5120,260928.00
2048,8192,8192,394432.01
2048,8192,11008,540975.99
2048,8192,13824,695456.03
2048,8192,14336,741135.98
2048,8192,25600,1294784.01
2048,8192,27648,1511152.03
2048,8192,28672,1465360.05
2048,11008,128,38880.00
2048,11008,256,49136.00
2048,11008,512,68272.00
2048,11008,1024,105072.00
2048,11008,2048,178336.00
2048,11008,3072,226880.01
2048,11008,4096,289792.00
2048,11008,5120,353120.00
2048,11008,8192,560512.01
2048,11008,11008,781664.01
2048,11008,13824,996896.03
2048,11008,14336,1009408.00
2048,11008,25600,1785568.00
2048,11008,27648,1901887.95
2048,11008,28672,2121248.01
2048,13824,128,40448.00
2048,13824,256,52160.00
2048,13824,512,76432.00
2048,13824,1024,121504.00
2048,13824,2048,209088.01
2048,13824,3072,276496.01
2048,13824,4096,353984.00
2048,13824,5120,436192.01
2048,13824,8192,716496.02
2048,13824,11008,967408.00
2048,13824,13824,1229007.96
2048,13824,14336,1257248.04
2048,13824,25600,2238240.00
2048,13824,27648,2447871.92
2048,13824,28672,2525087.95
2048,14336,128,41824.00
2048,14336,256,53792.00
2048,14336,512,78448.00
2048,14336,1024,116848.00
2048,14336,2048,204368.00
2048,14336,3072,281312.00
2048,14336,4096,363440.01
2048,14336,5120,444752.01
2048,14336,8192,706000.00
2048,14336,11008,1027328.01
2048,14336,13824,1258639.99
2048,14336,14336,1278704.05
2048,14336,25600,2295247.91
2048,14336,27648,2283743.98
2048,14336,28672,2470864.06
2048,25600,128,63008.00
2048,25600,256,86064.00
2048,25600,512,126848.00
2048,25600,1024,208848.00
2048,25600,2048,341664.00
2048,25600,3072,482704.00
2048,25600,4096,692176.01
2048,25600,5120,848544.00
2048,25600,8192,1328336.00
2048,25600,11008,1808543.98
2048,25600,13824,2269359.95
2048,25600,14336,2242208.00
2048,25600,25600,4152976.04
2048,25600,27648,4424000.02
2048,25600,28672,4588816.17
2048,27648,128,67936.00
2048,27648,256,93248.00
2048,27648,512,134576.00
2048,27648,1024,219632.00
2048,27648,2048,369200.01
2048,27648,3072,526640.00
2048,27648,4096,733184.01
2048,27648,5120,986943.99
2048,27648,8192,1475359.98
2048,27648,11008,1855455.99
2048,27648,13824,2403039.93
2048,27648,14336,2488000.04
2048,27648,25600,4442095.99
2048,27648,27648,4793008.09
2048,27648,28672,4972687.96
2048,28672,128,70608.00
2048,28672,256,94464.00
2048,28672,512,139120.00
2048,28672,1024,223632.00
2048,28672,2048,374544.01
2048,28672,3072,537280.02
2048,28672,4096,718752.00
2048,28672,5120,912399.98
2048,28672,8192,1573824.05
2048,28672,11008,1997888.03
2048,28672,13824,2402127.98
2048,28672,14336,2544224.02
2048,28672,25600,4522288.08
2048,28672,27648,4879983.90
2048,28672,28672,5091824.05
4096,128,128,14944.00
4096,128,256,15376.00
4096,128,512,15728.00
4096,128,1024,16640.00
4096,128,2048,18912.00
4096,128,3072,21376.00
4096,128,4096,23232.00
4096,128,5120,27904.00
4096,128,8192,37712.00
4096,128,11008,52912.00
4096,128,13824,60912.00
4096,128,14336,62688.00
4096,128,25600,99600.00
4096,128,27648,100560.00
4096,128,28672,104176.00
4096,256,128,15104.00
4096,256,256,15744.00
4096,256,512,16240.00
4096,256,1024,18432.00
4096,256,2048,23280.00
4096,256,3072,27872.00
4096,256,4096,31824.00
4096,256,5120,36832.00
4096,256,8192,49200.00
4096,256,11008,67504.00
4096,256,13824,74896.00
4096,256,14336,77360.00
4096,256,25600,118528.00
4096,256,27648,109280.00
4096,256,28672,112304.00
4096,512,128,15040.00
4096,512,256,15792.00
4096,512,512,16496.00
4096,512,1024,19184.00
4096,512,2048,24336.00
4096,512,3072,30816.00
4096,512,4096,36224.00
4096,512,5120,41744.00
4096,512,8192,57952.00
4096,512,11008,82288.00
4096,512,13824,99504.00
4096,512,14336,101744.00
4096,512,25600,160336.00
4096,512,27648,172832.00
4096,512,28672,192288.00
4096,1024,128,16960.00
4096,1024,256,18640.00
4096,1024,512,21712.00
4096,1024,1024,28192.00
4096,1024,2048,40176.00
4096,1024,3072,52544.00
4096,1024,4096,64144.00
4096,1024,5120,76112.00
4096,1024,8192,114144.00
4096,1024,11008,138672.00
4096,1024,13824,168784.00
4096,1024,14336,172912.00
4096,1024,25600,291615.99
4096,1024,27648,338272.01
4096,1024,28672,354912.00
4096,2048,128,20272.00
4096,2048,256,23584.00
4096,2048,512,29968.00
4096,2048,1024,42288.00
4096,2048,2048,67376.00
4096,2048,3072,87136.00
4096,2048,4096,111584.00
4096,2048,5120,135088.00
4096,2048,8192,202848.00
4096,2048,11008,263008.00
4096,2048,13824,334864.01
4096,2048,14336,347040.00
4096,2048,25600,617439.99
4096,2048,27648,669104.01
4096,2048,28672,709360.00
4096,3072,128,25264.00
4096,3072,256,30864.00
4096,3072,512,40160.00
4096,3072,1024,59712.00
4096,3072,2048,96752.00
4096,3072,3072,128464.00
4096,3072,4096,163664.00
4096,3072,5120,197872.00
4096,3072,8192,296304.00
4096,3072,11008,403295.99
4096,3072,13824,499696.00
4096,3072,14336,519023.98
4096,3072,25600,951152.00
4096,3072,27648,1070431.95
4096,3072,28672,1061055.96
4096,4096,128,29104.00
4096,4096,256,35856.00
4096,4096,512,49536.00
4096,4096,1024,74928.00
4096,4096,2048,127408.00
4096,4096,3072,178832.00
4096,4096,4096,213904.00
4096,4096,5120,259680.00
4096,4096,8192,400815.99
4096,4096,11008,529327.99
4096,4096,13824,703328.01
4096,4096,14336,750992.00
4096,4096,25600,1297775.98
4096,4096,27648,1388176.02
4096,4096,28672,1465631.96
4096,5120,128,35232.00
4096,5120,256,44480.00
4096,5120,512,61408.00
4096,5120,1024,95040.00
4096,5120,2048,156432.00
4096,5120,3072,220064.00
4096,5120,4096,282368.00
4096,5120,5120,339680.00
4096,5120,8192,548287.99
4096,5120,11008,764431.98
4096,5120,13824,932303.99
4096,5120,14336,948464.01
4096,5120,25600,1673247.99
4096,5120,27648,1681248.01
4096,5120,28672,1769616.01
4096,8192,128,45024.00
4096,8192,256,56256.00
4096,8192,512,82560.00
4096,8192,1024,132816.00
4096,8192,2048,220896.01
4096,8192,3072,313040.00
4096,8192,4096,403344.01
4096,8192,5120,498432.01
4096,8192,8192,784800.02
4096,8192,11008,1082687.97
4096,8192,13824,1362415.97
4096,8192,14336,1411935.99
4096,8192,25600,2674304.01
4096,8192,27648,2688736.08
4096,8192,28672,2914288.04
4096,11008,128,60096.00
4096,11008,256,72464.00
4096,11008,512,110496.00
4096,11008,1024,181568.00
4096,11008,2048,302448.00
4096,11008,3072,434976.01
4096,11008,4096,603488.00
4096,11008,5120,750112.00
4096,11008,8192,1206240.00
4096,11008,11008,1552703.98
4096,11008,13824,1915247.98
4096,11008,14336,2130800.01
4096,11008,25600,3564239.98
4096,11008,27648,3786304.00
4096,11008,28672,3962960.00
4096,13824,128,63760.00
4096,13824,256,92912.00
4096,13824,512,138239.99
4096,13824,1024,226047.99
4096,13824,2048,371472.00
4096,13824,3072,534960.00
4096,13824,4096,742064.00
4096,13824,5120,927583.99
4096,13824,8192,1535936.00
4096,13824,11008,1962271.99
4096,13824,13824,2394528.03
4096,13824,14336,2515599.97
4096,13824,25600,4245248.08
4096,13824,27648,4580575.94
4096,13824,28672,4967536.21
4096,14336,128,68144.00
4096,14336,256,93568.00
4096,14336,512,138496.00
4096,14336,1024,217584.00
4096,14336,2048,381120.00
4096,14336,3072,548384.01
4096,14336,4096,744832.01
4096,14336,5120,986863.97
4096,14336,8192,1512752.00
4096,14336,11008,1965648.00
4096,14336,13824,2458863.97
4096,14336,14336,2548879.98
4096,14336,25600,4361439.94
4096,14336,27648,4863615.99
4096,14336,28672,5043663.98
4096,25600,128,109008.00
4096,25600,256,155696.00
4096,25600,512,240192.00
4096,25600,1024,375856.00
4096,25600,2048,661760.00
4096,25600,3072,988624.01
4096,25600,4096,1351776.00
4096,25600,5120,1692671.95
4096,25600,8192,2553264.02
4096,25600,11008,3652063.97
4096,25600,13824,4299712.18
4096,25600,14336,4611744.17
4096,25600,25600,8187200.07
4096,25600,27648,8830592.16
4096,25600,28672,9157583.71
4096,27648,128,111712.00
4096,27648,256,154304.01
4096,27648,512,245840.00
4096,27648,1024,411824.00
4096,27648,2048,730800.00
4096,27648,3072,1106912.02
4096,27648,4096,1477536.02
4096,27648,5120,1819648.03
4096,27648,8192,2861920.00
4096,27648,11008,3826960.09
4096,27648,13824,4769599.91
4096,27648,14336,5001183.99
4096,27648,25600,8781824.11
4096,27648,27648,9456415.65
4096,27648,28672,9915503.98
4096,28672,128,121536.00
4096,28672,256,169744.00
4096,28672,512,245680.00
4096,28672,1024,406608.00
4096,28672,2048,742192.00
4096,28672,3072,1108431.99
4096,28672,4096,1504431.96
4096,28672,5120,1811887.98
4096,28672,8192,2927711.96
4096,28672,11008,3909471.99
4096,28672,13824,4890143.87
4096,28672,14336,5115567.92
4096,28672,25600,8994719.98
4096,28672,27648,9707007.88
4096,28672,28672,10085055.83
8192,128,128,15696.00
8192,128,256,15808.00
8192,128,512,16192.00
8192,128,1024,18272.00
8192,128,2048,22144.00
8192,128,3072,32624.00
8192,128,4096,37680.00
8192,128,5120,44064.00
8192,128,8192,60096.00
8192,128,11008,75952.00
8192,128,13824,89952.00
8192,128,14336,91024.00
8192,128,25600,164352.00
8192,128,27648,176160.00
8192,128,28672,180544.00
8192,256,128,14960.00
8192,256,256,15984.00
8192,256,512,16480.00
8192,256,1024,18992.00
8192,256,2048,24576.00
8192,256,3072,33424.00
8192,256,4096,39312.00
8192,256,5120,46128.00
8192,256,8192,62960.00
8192,256,11008,82112.00
8192,256,13824,101472.00
8192,256,14336,105200.00
8192,256,25600,174560.00
8192,256,27648,186816.00
8192,256,28672,193360.00
8192,512,128,16992.00
8192,512,256,18832.00
8192,512,512,21824.00
8192,512,1024,28480.00
8192,512,2048,41024.00
8192,512,3072,52032.00
8192,512,4096,62464.00
8192,512,5120,74432.00
8192,512,8192,113568.00
8192,512,11008,146192.00
8192,512,13824,182624.00
8192,512,14336,188896.00
8192,512,25600,322752.01
8192,512,27648,347056.00
8192,512,28672,369424.00
8192,1024,128,20656.00
8192,1024,256,23984.00
8192,1024,512,30832.00
8192,1024,1024,43728.00
8192,1024,2048,69952.00
8192,1024,3072,96912.00
8192,1024,4096,124032.00
8192,1024,5120,139071.99
8192,1024,8192,208848.00
8192,1024,11008,273248.00
8192,1024,13824,338655.99
8192,1024,14336,365904.00
8192,1024,25600,637904.02
8192,1024,27648,699088.01
8192,1024,28672,714352.01
8192,2048,128,29408.00
8192,2048,256,36704.00
8192,2048,512,49904.00
8192,2048,1024,75888.00
8192,2048,2048,128688.00
8192,2048,3072,167248.00
8192,2048,4096,213488.00
8192,2048,5120,259615.99
8192,2048,8192,393487.99
8192,2048,11008,540800.01
8192,2048,13824,707679.99
8192,2048,14336,732991.99
8192,2048,25600,1291360.02
8192,2048,27648,1403679.97
8192,2048,28672,1441792.01
8192,3072,128,35968.00
8192,3072,256,46080.00
8192,3072,512,66240.00
8192,3072,1024,105472.00
8192,3072,2048,182448.00
8192,3072,3072,258400.01
8192,3072,4096,312624.01
8192,3072,5120,387376.01
8192,3072,8192,652144.01
8192,3072,11008,865152.00
8192,3072,13824,1078047.99
8192,3072,14336,1088688.02
8192,3072,25600,2036400.08
8192,3072,27648,2143328.07
8192,3072,28672,2134544.01
8192,4096,128,44768.00
8192,4096,256,56832.00
8192,4096,512,82912.00
8192,4096,1024,134560.00
8192,4096,2048,221408.00
8192,4096,3072,315312.00
8192,4096,4096,408367.99
8192,4096,5120,502768.01
8192,4096,8192,799119.98
8192,4096,11008,1126592.04
8192,4096,13824,1430208.03
8192,4096,14336,1460016.01
8192,4096,25600,2605056.05
8192,4096,27648,2631664.04
8192,4096,28672,2836671.95
8192,5120,128,51616.00
8192,5120,256,70288.00
8192,5120,512,102672.00
8192,5120,1024,167440.00
8192,5120,2048,277919.99
8192,5120,3072,395264.00
8192,5120,4096,514128.00
8192,5120,5120,649663.98
8192,5120,8192,1143007.99
8192,5120,11008,1474431.99
8192,5120,13824,1792720.02
8192,5120,14336,1738047.96
8192,5120,25600,3293807.98
8192,5120,27648,3542479.99
8192,5120,28672,3567391.99
8192,8192,128,71856.00
8192,8192,256,94896.00
8192,8192,512,148736.00
8192,8192,1024,237808.00
8192,8192,2048,439551.99
8192,8192,3072,632063.98
8192,8192,4096,843903.99
8192,8192,5120,1078239.98
8192,8192,8192,1789488.02
8192,8192,11008,2385615.94
8192,8192,13824,2804736.02
8192,8192,14336,2916319.97
8192,8192,25600,5323440.07
8192,8192,27648,5564192.06
8192,8192,28672,5958576.20
8192,11008,128,98080.00
8192,11008,256,123408.00
8192,11008,512,211152.00
8192,11008,1024,350927.99
8192,11008,2048,573055.98
8192,11008,3072,830527.99
8192,11008,4096,1126560.03
8192,11008,5120,1393040.00
8192,11008,8192,2330783.96
8192,11008,11008,2940960.05
8192,11008,13824,3786656.02
8192,11008,14336,3924416.07
8192,11008,25600,7075344.09
8192,11008,27648,7508975.98
8192,11008,28672,7773535.97
8192,13824,128,117808.00
8192,13824,256,170656.00
8192,13824,512,250496.00
8192,13824,1024,400272.00
8192,13824,2048,718144.00
8192,13824,3072,1092352.03
8192,13824,4096,1428943.99
8192,13824,5120,1820720.02
8192,13824,8192,2861279.96
8192,13824,11008,3817808.03
8192,13824,13824,4773168.09
8192,13824,14336,5081887.96
8192,13824,25600,8767199.99
8192,13824,27648,9463903.90
8192,13824,28672,9837711.81
8192,14336,128,115792.00
8192,14336,256,162896.00
8192,14336,512,251536.00
8192,14336,1024,401600.00
8192,14336,2048,719983.99
8192,14336,3072,1121983.95
8192,14336,4096,1470384.00
8192,14336,5120,1797407.98
8192,14336,8192,2933472.04
8192,14336,11008,3937136.05
8192,14336,13824,4946367.98
8192,14336,14336,5069999.93
8192,14336,25600,8993936.06
8192,14336,27648,9706336.02
8192,14336,28672,10078288.08
8192,25600,128,196000.00
8192,25600,256,280992.00
8192,25600,512,414656.00
8192,25600,1024,691055.98
8192,25600,2048,1322783.95
8192,25600,3072,1960304.02
8192,25600,4096,2644272.09
8192,25600,5120,3280799.98
8192,25600,8192,5175520.18
8192,25600,11008,6922960.04
8192,25600,13824,8650160.31
8192,25600,14336,8969583.99
8192,25600,25600,15937983.99
8192,25600,27648,17207568.17
8192,25600,28672,17844015.12
8192,27648,128,220592.00
8192,27648,256,325440.00
8192,27648,512,460928.01
8192,27648,1024,762224.02
8192,27648,2048,1460160.02
8192,27648,3072,2189504.03
8192,27648,4096,2866735.94
8192,27648,5120,3547168.02
8192,27648,8192,5588656.19
8192,27648,11008,7631632.09
8192,27648,13824,9329600.33
8192,27648,14336,9733983.99
8192,27648,25600,17384463.31
8192,27648,27648,18747664.45
8192,27648,28672,19613984.11
8192,28672,128,222320.00
8192,28672,256,316192.00
8192,28672,512,504976.00
8192,28672,1024,787808.00
8192,28672,2048,1533679.96
8192,28672,3072,2216656.09
8192,28672,4096,2987167.95
8192,28672,5120,3696175.93
8192,28672,8192,5957616.09
8192,28672,11008,7940095.90
8192,28672,13824,9731152.06
8192,28672,14336,10271423.82
8192,28672,25600,18140687.94
8192,28672,27648,19546976.09
8192,28672,28672,20467215.54
16384,128,128,16224.00
16384,128,256,17168.00
16384,128,512,19248.00
16384,128,1024,23968.00
16384,128,2048,38976.00
16384,128,3072,50624.00
16384,128,4096,60800.00
16384,128,5120,73088.00
16384,128,8192,106912.00
16384,128,11008,143135.99
16384,128,13824,169056.00
16384,128,14336,173184.01
16384,128,25600,296687.99
16384,128,27648,321088.00
16384,128,28672,329919.99
16384,256,128,17120.00
16384,256,256,18592.00
16384,256,512,21808.00
16384,256,1024,29104.00
16384,256,2048,42544.00
16384,256,3072,55824.00
16384,256,4096,72000.00
16384,256,5120,78288.00
16384,256,8192,118208.00
16384,256,11008,153808.00
16384,256,13824,189568.00
16384,256,14336,195072.00
16384,256,25600,330831.99
16384,256,27648,368255.99
16384,256,28672,392656.00
16384,512,128,22112.00
16384,512,256,25856.00
16384,512,512,32928.00
16384,512,1024,47264.00
16384,512,2048,85200.00
16384,512,3072,111632.00
16384,512,4096,121136.00
16384,512,5120,146832.00
16384,512,8192,219600.00
16384,512,11008,278111.99
16384,512,13824,343152.00
16384,512,14336,364384.00
16384,512,25600,663279.98
16384,512,27648,713136.02
16384,512,28672,746144.00
16384,1024,128,29856.00
16384,1024,256,37376.00
16384,1024,512,50496.00
16384,1024,1024,76384.00
16384,1024,2048,129920.00
16384,1024,3072,181584.00
16384,1024,4096,220415.99
16384,1024,5120,268799.99
16384,1024,8192,411440.00
16384,1024,11008,560032.01
16384,1024,13824,704144.00
16384,1024,14336,742288.02
16384,1024,25600,1307056.01
16384,1024,27648,1417680.03
16384,1024,28672,1443328.02
16384,2048,128,43232.00
16384,2048,256,56288.00
16384,2048,512,83072.00
16384,2048,1024,136208.00
16384,2048,2048,237728.00
16384,2048,3072,319871.99
16384,2048,4096,415520.00
16384,2048,5120,509376.02
16384,2048,8192,822352.02
16384,2048,11008,1156896.00
16384,2048,13824,1428223.97
16384,2048,14336,1511120.02
16384,2048,25600,2660752.06
16384,2048,27648,2707792.04
16384,2048,28672,2792624.00
16384,3072,128,59040.00
16384,3072,256,78416.00
16384,3072,512,118528.00
16384,3072,1024,198400.00
16384,3072,2048,345744.00
16384,3072,3072,488480.00
16384,3072,4096,641983.99
16384,3072,5120,873584.00
16384,3072,8192,1347440.00
16384,3072,11008,1791072.01
16384,3072,13824,2214048.03
16384,3072,14336,2287487.98
16384,3072,25600,4033408.16
16384,3072,27648,4346656.08
16384,3072,28672,4410959.96
16384,4096,128,72928.00
16384,4096,256,96976.00
16384,4096,512,151216.00
16384,4096,1024,254559.99
16384,4096,2048,438112.01
16384,4096,3072,693584.02
16384,4096,4096,908415.97
16384,4096,5120,1120608.03
16384,4096,8192,1740736.01
16384,4096,11008,2323488.00
16384,4096,13824,2771663.90
16384,4096,14336,2887632.01
16384,4096,25600,5281775.95
16384,4096,27648,5743520.02
16384,4096,28672,5955327.99
16384,5120,128,88432.00
16384,5120,256,124624.00
16384,5120,512,184352.00
16384,5120,1024,309184.00
16384,5120,2048,527455.99
16384,5120,3072,780191.99
16384,5120,4096,1052399.99
16384,5120,5120,1300511.96
16384,5120,8192,2044271.95
16384,5120,11008,2787312.03
16384,5120,13824,3482064.01
16384,5120,14336,3610847.95
16384,5120,25600,6483488.08
16384,5120,27648,6907343.86
16384,5120,28672,7164400.10
16384,8192,128,128448.00
16384,8192,256,170560.00
16384,8192,512,287568.00
16384,8192,1024,469872.00
16384,8192,2048,848463.98
16384,8192,3072,1292528.03
16384,8192,4096,1738176.05
16384,8192,5120,2183743.95
16384,8192,8192,3487168.07
16384,8192,11008,4617439.99
16384,8192,13824,5786239.86
16384,8192,14336,6011456.01
16384,8192,25600,10951983.93
16384,8192,27648,11588655.95
16384,8192,28672,12312575.82
16384,11008,128,185728.01
16384,11008,256,234368.00
16384,11008,512,364112.00
16384,11008,1024,620240.00
16384,11008,2048,1125631.99
16384,11008,3072,1735376.00
16384,11008,4096,2272127.99
16384,11008,5120,2807999.97
16384,11008,8192,4470144.03
16384,11008,11008,5981791.97
16384,11008,13824,7472352.03
16384,11008,14336,7739904.17
16384,11008,25600,13796816.35
16384,11008,27648,14976031.78
16384,11008,28672,15602704.05
16384,13824,128,211423.99
16384,13824,256,312432.01
16384,13824,512,458143.99
16384,13824,1024,754400.01
16384,13824,2048,1454912.01
16384,13824,3072,2141151.91
16384,13824,4096,2804304.00
16384,13824,5120,3550783.99
16384,13824,8192,5632064.10
16384,13824,11008,7466864.11
16384,13824,13824,9140640.26
16384,13824,14336,9683488.37
16384,13824,25600,17198607.44
16384,13824,27648,18505599.98
16384,13824,28672,19187968.25
16384,14336,128,214064.00
16384,14336,256,307376.00
16384,14336,512,456304.00
16384,14336,1024,761232.02
16384,14336,2048,1565792.02
16384,14336,3072,2232912.06
16384,14336,4096,2910719.99
16384,14336,5120,3647040.01
16384,14336,8192,5749647.86
16384,14336,11008,7770767.93
16384,14336,13824,9599920.27
16384,14336,14336,10072560.31
16384,14336,25600,17805600.17
16384,14336,27648,19309776.31
16384,14336,28672,20032015.80
16384,25600,128,373024.00
16384,25600,256,513872.00
16384,25600,512,781552.02
16384,25600,1024,1363088.01
16384,25600,2048,2676192.05
16384,25600,3072,3956784.01
16384,25600,4096,5218767.88
16384,25600,5120,6472176.07
16384,25600,8192,10211232.19
16384,25600,11008,13778672.22
16384,25600,13824,17085008.62
16384,25600,14336,17781888.01
16384,27648,128,409312.01
16384,27648,256,583695.98
16384,27648,512,872303.99
16384,27648,1024,1506016.02
16384,27648,2048,2920847.89
16384,27648,3072,4359344.01
16384,27648,4096,5717375.99
16384,27648,5120,7079984.19
16384,27648,8192,11147215.84
16384,27648,11008,14894559.86
16384,27648,13824,18636847.50
16384,27648,14336,19318143.84
16384,28672,128,436511.99
16384,28672,256,587648.00
16384,28672,512,914303.99
16384,28672,1024,1704720.02
16384,28672,2048,2950735.93
16384,28672,3072,4431936.03
16384,28672,4096,5892672.06
16384,28672,5120,7374336.00
16384,28672,8192,11490655.90
16384,28672,11008,15529376.03
16384,28672,13824,19420127.87
16384,28672,14336,20132752.42
32768,128,128,18752.00
32768,128,256,20096.00
32768,128,512,24672.00
32768,128,1024,41520.00
32768,128,2048,64176.00
32768,128,3072,88528.00
32768,128,4096,112352.00
32768,128,5120,134704.00
32768,128,8192,199504.00
32768,128,11008,275088.00
32768,128,13824,326832.01
32768,128,14336,334047.99
32768,128,25600,581568.00
32768,128,27648,633568.02
32768,128,28672,652416.02
32768,256,128,20176.00
32768,256,256,23392.00
32768,256,512,31232.00
32768,256,1024,43616.00
32768,256,2048,70688.00
32768,256,3072,101456.00
32768,256,4096,122752.00
32768,256,5120,145808.00
32768,256,8192,221168.00
32768,256,11008,305712.00
32768,256,13824,371183.99
32768,256,14336,412655.99
32768,256,25600,695311.99
32768,256,27648,790400.00
32768,256,28672,856368.01
32768,512,128,32288.00
32768,512,256,40176.00
32768,512,512,57056.00
32768,512,1024,99392.00
32768,512,2048,160608.00
32768,512,3072,214640.00
32768,512,4096,276000.01
32768,512,5120,324672.00
32768,512,8192,421823.99
32768,512,11008,568464.01
32768,512,13824,719471.99
32768,512,14336,760576.01
32768,512,25600,1311904.01
32768,512,27648,1413968.03
32768,512,28672,1482447.98
32768,1024,128,45232.00
32768,1024,256,58160.00
32768,1024,512,86016.00
32768,1024,1024,136688.00
32768,1024,2048,239808.00
32768,1024,3072,343183.99
32768,1024,4096,422832.00
32768,1024,5120,516368.00
32768,1024,8192,808431.98
32768,1024,11008,1073839.96
32768,1024,13824,1477424.03
32768,1024,14336,1505263.98
32768,1024,25600,2591823.94
32768,1024,27648,2661936.04
32768,1024,28672,2980255.96
32768,2048,128,71424.00
32768,2048,256,97824.00
32768,2048,512,153360.00
32768,2048,1024,250832.00
32768,2048,2048,420560.00
32768,2048,3072,608527.99
32768,2048,4096,820975.99
32768,2048,5120,1028128.03
32768,2048,8192,1677104.00
32768,2048,11008,2153200.03
32768,2048,13824,2769407.99
32768,2048,14336,2863088.01
32768,2048,25600,5136031.87
32768,2048,27648,5433583.97
32768,2048,28672,5747855.90
32768,3072,128,105712.00
32768,3072,256,151840.00
32768,3072,512,228976.00
32768,3072,1024,374208.00
32768,3072,2048,620559.99
32768,3072,3072,993759.99
32768,3072,4096,1308864.00
32768,3072,5120,1608304.02
32768,3072,8192,2372400.05
32768,3072,11008,3350272.06
32768,3072,13824,4096064.09
32768,3072,14336,4275232.08
32768,3072,25600,7859712.12
32768,3072,27648,8196159.84
32768,3072,28672,8588416.10
32768,4096,128,130880.01
32768,4096,256,175504.00
32768,4096,512,264240.00
32768,4096,1024,480128.01
32768,4096,2048,871039.99
32768,4096,3072,1383872.03
32768,4096,4096,1787631.99
32768,4096,5120,2216960.07
32768,4096,8192,3462960.00
32768,4096,11008,4504431.96
32768,4096,13824,5632832.05
32768,4096,14336,5931855.92
32768,4096,25600,10465072.15
32768,4096,27648,11297215.94
32768,4096,28672,11840975.76
32768,5120,128,156592.00
32768,5120,256,206832.00
32768,5120,512,344944.00
32768,5120,1024,557616.03
32768,5120,2048,1060000.00
32768,5120,3072,1637663.96
32768,5120,4096,2128543.97
32768,5120,5120,2661152.01
32768,5120,8192,4194319.96
32768,5120,11008,5720655.92
32768,5120,13824,7119600.06
32768,5120,14336,7403408.05
32768,5120,25600,13203008.17
32768,5120,27648,13827215.67
32768,5120,28672,14761727.81
32768,8192,128,260976.00
32768,8192,256,378464.00
32768,8192,512,535328.00
32768,8192,1024,886895.98
32768,8192,2048,1704303.98
32768,8192,3072,2585600.02
32768,8192,4096,3339167.95
32768,8192,5120,4218719.96
32768,8192,8192,6807807.92
32768,8192,11008,9088223.93
32768,8192,13824,11111008.17
32768,8192,14336,11781840.32
32768,8192,25600,20901968.00
32768,8192,27648,22436944.01
32768,8192,28672,23390656.47
32768,11008,128,354784.00
32768,11008,256,408448.01
32768,11008,512,728127.99
32768,11008,1024,1208880.01
32768,11008,2048,2493440.03
32768,11008,3072,3438832.04
32768,11008,4096,4520368.10
32768,11008,5120,5650256.16
32768,11008,8192,9039087.77
32768,11008,11008,11913583.76
32768,11008,13824,15072432.04
32768,11008,14336,15620336.06
32768,11008,25600,27670736.31
32768,11008,27648,29911600.11
32768,13824,128,411872.00
32768,13824,256,586719.99
32768,13824,512,876752.02
32768,13824,1024,1520175.99
32768,13824,2048,3068767.91
32768,13824,3072,4249840.02
32768,13824,4096,5718512.06
32768,13824,5120,7009408.00
32768,13824,8192,11033040.05
32768,13824,11008,14851120.00
32768,13824,13824,18552543.64
32768,13824,14336,19319840.43
32768,14336,128,418240.00
32768,14336,256,604512.01
32768,14336,512,908479.99
32768,14336,1024,1561711.97
32768,14336,2048,3025664.09
32768,14336,3072,4467792.03
32768,14336,4096,5896800.04
32768,14336,5120,7290928.13
32768,14336,8192,11605920.31
32768,14336,11008,15553184.03
32768,14336,13824,19433087.35
32768,14336,14336,20132207.87
32768,25600,128,722335.99
32768,25600,256,1044704.02
32768,25600,512,1600752.00
32768,25600,1024,2770687.94
32768,25600,2048,5385231.97
32768,25600,3072,7911167.86
32768,25600,4096,10354991.91
32768,25600,5120,13068160.06
32768,25600,8192,20613904.00
32768,25600,11008,27538224.22
32768,27648,128,802064.00
32768,27648,256,1129231.99
32768,27648,512,1712895.99
32768,27648,1024,3223375.92
32768,27648,2048,5783440.11
32768,27648,3072,8525904.18
32768,27648,4096,11355488.30
32768,27648,5120,14035391.81
32768,27648,8192,22153183.94
32768,27648,11008,29602815.63
32768,28672,128,836479.99
32768,28672,256,1166000.01
32768,28672,512,1787408.05
32768,28672,1024,3162528.04
32768,28672,2048,6097472.19
32768,28672,3072,8993247.99
32768,28672,4096,11816527.84
32768,28672,5120,14643807.89
32768,28672,8192,23097871.78
65536,128,128,23168.00
65536,128,256,32384.00
65536,128,512,44176.00
65536,128,1024,68480.00
65536,128,2048,114944.00
65536,128,3072,163792.00
65536,128,4096,202896.00
65536,128,5120,248304.00
65536,128,8192,388527.99
65536,128,11008,514592.02
65536,128,13824,634464.00
65536,128,14336,652287.99
65536,128,25600,1147071.96
65536,128,27648,1244271.99
65536,128,28672,1291024.03
65536,256,128,31568.00
65536,256,256,38448.00
65536,256,512,50176.00
65536,256,1024,75792.00
65536,256,2048,129072.00
65536,256,3072,180000.00
65536,256,4096,227152.00
65536,256,5120,280527.99
65536,256,8192,432560.00
65536,256,11008,581936.00
65536,256,13824,769440.00
65536,256,14336,851551.98
65536,256,25600,1396464.05
65536,256,27648,1543775.98
65536,256,28672,1634848.00
65536,512,128,48848.00
65536,512,256,68752.00
65536,512,512,106336.00
65536,512,1024,152832.00
65536,512,2048,260272.00
65536,512,3072,364208.00
65536,512,4096,437632.01
65536,512,5120,543328.02
65536,512,8192,859632.02
65536,512,11008,1154815.97
65536,512,13824,1490303.99
65536,512,14336,1543103.99
65536,512,25600,2712800.03
65536,512,27648,2783663.99
65536,512,28672,2856256.01
65536,1024,128,72896.00
65536,1024,256,97184.00
65536,1024,512,151536.00
65536,1024,1024,237344.00
65536,1024,2048,424592.00
65536,1024,3072,614784.00
65536,1024,4096,846831.98
65536,1024,5120,1082095.98
65536,1024,8192,1607216.00
65536,1024,11008,2327791.93
65536,1024,13824,2766783.95
65536,1024,14336,2934864.04
65536,1024,25600,5083904.03
65536,1024,27648,5478655.82
65536,1024,28672,5733231.78
65536,2048,128,133120.00
65536,2048,256,175056.00
65536,2048,512,286479.99
65536,2048,1024,484448.00
65536,2048,2048,860751.99
65536,2048,3072,1321551.98
65536,2048,4096,1731632.05
65536,2048,5120,2192016.01
65536,2048,8192,3453024.03
65536,2048,11008,4709023.95
65536,2048,13824,5757584.10
65536,2048,14336,5972911.83
65536,2048,25600,10580543.99
65536,2048,27648,11419200.42
65536,2048,28672,11841728.21
65536,3072,128,187584.00
65536,3072,256,275216.00
65536,3072,512,397856.00
65536,3072,1024,671247.99
65536,3072,2048,1286928.00
65536,3072,3072,1909952.04
65536,3072,4096,2566336.04
65536,3072,5120,3177088.02
65536,3072,8192,5060367.82
65536,3072,11008,6675040.01
65536,3072,13824,8247840.40
65536,3072,14336,8647552.01
65536,3072,25600,15329328.06
65536,3072,27648,16542960.17
65536,3072,28672,17151648.52
65536,4096,128,240432.00
65536,4096,256,327648.01
65536,4096,512,531552.02
65536,4096,1024,892591.98
65536,4096,2048,1688960.02
65536,4096,3072,2629727.96
65536,4096,4096,3415807.96
65536,4096,5120,4218671.80
65536,4096,8192,6768143.89
65536,4096,11008,9040767.67
65536,4096,13824,11298799.99
65536,4096,14336,11724207.88
65536,4096,25600,20774463.65
65536,4096,27648,22461664.20
65536,4096,28672,23267312.05
65536,5120,128,297615.99
65536,5120,256,415728.00
65536,5120,512,670879.99
65536,5120,1024,1137936.00
65536,5120,2048,2174560.07
65536,5120,3072,3200048.09
65536,5120,4096,4210576.06
65536,5120,5120,5226368.19
65536,5120,8192,8298624.04
65536,5120,11008,11080463.89
65536,5120,13824,13964256.29
65536,5120,14336,14368448.26
65536,5120,25600,25531519.89
65536,5120,27648,27580911.64
65536,5120,28672,28560736.66
65536,8192,128,496480.00
65536,8192,256,694080.00
65536,8192,512,1030352.00
65536,8192,1024,1793056.01
65536,8192,2048,3531280.04
65536,8192,3072,5133647.92
65536,8192,4096,6776400.09
65536,8192,5120,8597520.35
65536,8192,8192,13257647.99
65536,8192,11008,17708928.11
65536,8192,13824,22166783.33
65536,8192,14336,23169199.94
65536,11008,128,689728.02
65536,11008,256,779280.01
65536,11008,512,1394128.02
65536,11008,1024,2425007.94
65536,11008,2048,4728991.99
65536,11008,3072,6892863.99
65536,11008,4096,9160416.13
65536,11008,5120,11340800.29
65536,11008,8192,17904639.24
65536,11008,11008,24319344.52
65536,11008,13824,29923423.77
65536,13824,128,788975.98
65536,13824,256,1116863.97
65536,13824,512,1713232.04
65536,13824,1024,2986032.01
65536,13824,2048,5846975.80
65536,13824,3072,8532032.01
65536,13824,4096,11207024.10
65536,13824,5120,14069087.98
65536,13824,8192,22146960.26
65536,13824,11008,29595359.80
65536,14336,128,820656.00
65536,14336,256,1165840.03
65536,14336,512,1914896.01
65536,14336,1024,3106496.10
65536,14336,2048,6000159.98
65536,14336,3072,8953375.82
65536,14336,4096,11763456.34
65536,14336,5120,14606128.22
65536,14336,8192,23065567.97
65536,25600,128,1409967.96
65536,25600,256,1917360.01
65536,25600,512,3077167.99
65536,25600,1024,5816591.98
65536,25600,2048,10747248.17
65536,25600,3072,15702816.01
65536,25600,4096,20872511.86
65536,25600,5120,26112719.54
65536,27648,128,1511343.96
65536,27648,256,2202623.96
65536,27648,512,3458735.94
65536,27648,1024,6235968.11
65536,27648,2048,11545231.82
65536,27648,3072,16993359.57
65536,27648,4096,22397631.65
65536,27648,5120,28035231.59
65536,28672,128,1612800.00
65536,28672,256,2271935.94
65536,28672,512,3582528.00
65536,28672,1024,6498623.85
65536,28672,2048,12018079.76
65536,28672,3072,17713199.62
65536,28672,4096,23348896.03
65536,28672,5120,29176271.44
