M,N,K,measured_ms
1.0,1024.0,1024.0,0.018592
1.0,1024.0,2048.0,0.018336
1.0,1024.0,2880.0,0.020832
1.0,1024.0,3072.0,0.02096
1.0,1024.0,3584.0,0.020608
1.0,1024.0,4096.0,0.020928
1.0,1024.0,5120.0,0.020736
1.0,1024.0,6144.0,0.020832
1.0,1024.0,7168.0,0.021248
1.0,1024.0,8192.0,0.021248
1.0,1024.0,10240.0,0.021888
1.0,1024.0,12288.0,0.022656
1.0,1024.0,14336.0,0.0232
1.0,1024.0,16384.0,0.024256
1.0,2048.0,1024.0,0.018176
1.0,2048.0,2048.0,0.018464
1.0,2048.0,2880.0,0.02096
1.0,2048.0,3072.0,0.02096
1.0,2048.0,3584.0,0.02096
1.0,2048.0,4096.0,0.021216
1.0,2048.0,5120.0,0.021824
1.0,2048.0,6144.0,0.022304
1.0,2048.0,7168.0,0.022592
1.0,2048.0,8192.0,0.022848
1.0,2048.0,10240.0,0.026432
1.0,2048.0,12288.0,0.034144
1.0,2048.0,14336.0,0.037056
1.0,2048.0,16384.0,0.039296
1.0,2880.0,1024.0,0.018016
1.0,2880.0,2048.0,0.01808
1.0,2880.0,2880.0,0.01114
1.0,2880.0,3072.0,0.021344
1.0,2880.0,3584.0,0.021632
1.0,2880.0,4096.0,0.022368
1.0,2880.0,5120.0,0.023648
1.0,2880.0,6144.0,0.024768
1.0,2880.0,7168.0,0.027008
1.0,2880.0,8192.0,0.03504
1.0,2880.0,10240.0,0.038336
1.0,2880.0,12288.0,0.04048
1.0,2880.0,14336.0,0.047072
1.0,2880.0,16384.0,0.048128
1.0,3072.0,1024.0,0.018048
1.0,3072.0,2048.0,0.01824
1.0,3072.0,2880.0,0.021568
1.0,3072.0,3072.0,0.021536
1.0,3072.0,3584.0,0.021536
1.0,3072.0,4096.0,0.021568
1.0,3072.0,5120.0,0.022784
1.0,3072.0,6144.0,0.023808
1.0,3072.0,7168.0,0.03072
1.0,3072.0,8192.0,0.033728
1.0,3072.0,10240.0,0.03792
1.0,3072.0,12288.0,0.041472
1.0,3072.0,14336.0,0.046112
1.0,3072.0,16384.0,0.049696
1.0,3584.0,1024.0,0.01792
1.0,3584.0,2048.0,0.017984
1.0,3584.0,2880.0,0.019072
1.0,3584.0,3072.0,0.018976
1.0,3584.0,3584.0,0.0113
1.0,3584.0,4096.0,0.020096
1.0,3584.0,5120.0,0.021184
1.0,3584.0,6144.0,0.030592
1.0,3584.0,7168.0,0.03424
1.0,3584.0,8192.0,0.036736
1.0,3584.0,10240.0,0.041056
1.0,3584.0,12288.0,0.046272
1.0,3584.0,14336.0,0.01133
1.0,3584.0,16384.0,0.05792
1.0,3584.0,18944.0,0.01139
1.0,3600.0,2880.0,0.01136
1.0,4096.0,1024.0,0.01792
1.0,4096.0,2048.0,0.018336
1.0,4096.0,2880.0,0.018752
1.0,4096.0,3072.0,0.019008
1.0,4096.0,3584.0,0.01952
1.0,4096.0,4096.0,0.01312
1.0,4096.0,5120.0,0.024288
1.0,4096.0,6144.0,0.029984
1.0,4096.0,7168.0,0.036704
1.0,4096.0,8192.0,0.039456
1.0,4096.0,10240.0,0.044384
1.0,4096.0,12288.0,0.01331
1.0,4096.0,12800.0,0.04038
1.0,4096.0,14336.0,0.04061
1.0,4096.0,16384.0,0.060288
1.0,4608.0,3584.0,0.05162
1.0,5120.0,1024.0,0.018336
1.0,5120.0,2048.0,0.0192
1.0,5120.0,2880.0,0.020256
1.0,5120.0,3072.0,0.020608
1.0,5120.0,3584.0,0.021696
1.0,5120.0,4096.0,0.025536
1.0,5120.0,5112.0,0.01197
1.0,5120.0,5120.0,0.031136
1.0,5120.0,6144.0,0.034784
1.0,5120.0,7168.0,0.038016
1.0,5120.0,8192.0,0.041248
1.0,5120.0,10240.0,0.047776
1.0,5120.0,12288.0,0.054432
1.0,5120.0,14336.0,0.06192
1.0,5120.0,16384.0,0.068032
1.0,5120.0,17408.0,0.01206
1.0,6144.0,1024.0,0.018048
1.0,6144.0,2048.0,0.019712
1.0,6144.0,2880.0,0.0216
1.0,6144.0,3072.0,0.022176
1.0,6144.0,3584.0,0.02784
1.0,6144.0,4096.0,0.01728
1.0,6144.0,5120.0,0.038336
1.0,6144.0,6144.0,0.04272
1.0,6144.0,7168.0,0.045952
1.0,6144.0,8192.0,0.050016
1.0,6144.0,10240.0,0.058464
1.0,6144.0,12288.0,0.066848
1.0,6144.0,14336.0,0.07472
1.0,6144.0,16384.0,0.082784
1.0,6816.0,5120.0,0.01744
1.0,7168.0,1024.0,0.017888
1.0,7168.0,2048.0,0.019904
1.0,7168.0,2880.0,0.023168
1.0,7168.0,3072.0,0.02736
1.0,7168.0,3584.0,0.04035
1.0,7168.0,4096.0,0.032736
1.0,7168.0,5120.0,0.043392
1.0,7168.0,6144.0,0.046848
1.0,7168.0,7168.0,0.0404799999999999
1.0,7168.0,8192.0,0.059584
1.0,7168.0,10240.0,0.065344
1.0,7168.0,12288.0,0.07616
1.0,7168.0,14336.0,0.086624
1.0,7168.0,16384.0,0.096256
1.0,7168.0,20480.0,0.04083
1.0,8192.0,1024.0,0.018048
1.0,8192.0,2048.0,0.020512
1.0,8192.0,2880.0,0.028768
1.0,8192.0,3072.0,0.03008
1.0,8192.0,3584.0,0.03248
1.0,8192.0,4096.0,0.034912
1.0,8192.0,5120.0,0.040096
1.0,8192.0,6144.0,0.045632
1.0,8192.0,7168.0,0.050976
1.0,8192.0,8192.0,0.04086
1.0,8192.0,10240.0,0.066752
1.0,8192.0,12288.0,0.077376
1.0,8192.0,14336.0,0.087776
1.0,8192.0,16384.0,0.098464
1.0,8192.0,28672.0,0.04525
1.0,8192.0,29568.0,0.04518
1.0,9216.0,7168.0,0.04483
1.0,10240.0,1024.0,0.018336
1.0,10240.0,2048.0,0.02464
1.0,10240.0,2880.0,0.032832
1.0,10240.0,3072.0,0.034176
1.0,10240.0,3584.0,0.03744
1.0,10240.0,4096.0,0.040608
1.0,10240.0,5120.0,0.047808
1.0,10240.0,6144.0,0.054176
1.0,10240.0,7168.0,0.061184
1.0,10240.0,8192.0,0.04474
1.0,10240.0,10240.0,0.080576
1.0,10240.0,12288.0,0.094912
1.0,10240.0,14336.0,0.108672
1.0,10240.0,16384.0,0.121696
1.0,12288.0,1024.0,0.01936
1.0,12288.0,2048.0,0.03024
1.0,12288.0,2880.0,0.036928
1.0,12288.0,3072.0,0.038528
1.0,12288.0,3584.0,0.043104
1.0,12288.0,4096.0,0.01645
1.0,12288.0,5120.0,0.055424
1.0,12288.0,6144.0,0.062976
1.0,12288.0,7168.0,0.071328
1.0,12288.0,8192.0,0.07776
1.0,12288.0,10240.0,0.094752
1.0,12288.0,12288.0,0.110176
1.0,12288.0,14336.0,0.131264
1.0,12288.0,16384.0,0.147168
1.0,12800.0,4096.0,0.02413
1.0,14336.0,1024.0,0.019424
1.0,14336.0,2048.0,0.034976
1.0,14336.0,2880.0,0.043584
1.0,14336.0,3072.0,0.044512
1.0,14336.0,3584.0,0.06346
1.0,14336.0,4096.0,0.02336
1.0,14336.0,5120.0,0.065952
1.0,14336.0,6144.0,0.075936
1.0,14336.0,7168.0,0.086592
1.0,14336.0,8192.0,0.097568
1.0,14336.0,10240.0,0.115776
1.0,14336.0,12288.0,0.136224
1.0,14336.0,14336.0,0.15776
1.0,14336.0,16384.0,0.183712
1.0,16384.0,1024.0,0.019392
1.0,16384.0,2048.0,0.034912
1.0,16384.0,2880.0,0.042976
1.0,16384.0,3072.0,0.04496
1.0,16384.0,3584.0,0.050112
1.0,16384.0,4096.0,0.055616
1.0,16384.0,5120.0,0.066016
1.0,16384.0,6144.0,0.076384
1.0,16384.0,7168.0,0.086816
1.0,16384.0,8192.0,0.097344
1.0,16384.0,10240.0,0.11824
1.0,16384.0,12288.0,0.13872
1.0,16384.0,14336.0,0.159296
1.0,16384.0,16384.0,0.18016
1.0,17408.0,5120.0,0.02362
1.0,18944.0,3584.0,0.0399399999999999
1.0,20480.0,1024.0,0.02496
1.0,20480.0,2048.0,0.041152
1.0,20480.0,2880.0,0.052256
1.0,20480.0,3072.0,0.054144
1.0,20480.0,3584.0,0.061024
1.0,20480.0,4096.0,0.067744
1.0,20480.0,5120.0,0.0816
1.0,20480.0,6144.0,0.094688
1.0,20480.0,7168.0,0.10064
1.0,20480.0,8192.0,0.121504
1.0,20480.0,10240.0,0.148544
1.0,20480.0,12288.0,0.175264
1.0,20480.0,14336.0,0.202208
1.0,20480.0,16384.0,0.229088
1.0,28672.0,1024.0,0.034176
1.0,28672.0,2048.0,0.050688
1.0,28672.0,2880.0,0.066208
1.0,28672.0,3072.0,0.06928
1.0,28672.0,3584.0,0.078368
1.0,28672.0,4096.0,0.087584
1.0,28672.0,5120.0,0.107616
1.0,28672.0,6144.0,0.125856
1.0,28672.0,7168.0,0.144128
1.0,28672.0,8192.0,0.04938
1.0,28672.0,10240.0,0.198336
1.0,28672.0,12288.0,0.235264
1.0,28672.0,14336.0,0.275328
1.0,28672.0,16384.0,0.312512
1.0,29568.0,8192.0,0.15702
1.0,32000.0,4096.0,0.16374
1.0,32768.0,1024.0,0.035264
1.0,32768.0,2048.0,0.055904
1.0,32768.0,2880.0,0.072832
1.0,32768.0,3072.0,0.076608
1.0,32768.0,3584.0,0.08688
1.0,32768.0,4096.0,0.09728
1.0,32768.0,5120.0,0.117696
1.0,32768.0,6144.0,0.138624
1.0,32768.0,7168.0,0.159136
1.0,32768.0,8192.0,0.180096
1.0,32768.0,10240.0,0.2216
1.0,32768.0,12288.0,0.263104
1.0,32768.0,14336.0,0.304608
1.0,32768.0,16384.0,0.346048
1.0,49155.0,4096.0,0.16352
1.0,64000.0,7168.0,0.04883
1.0,128256.0,4096.0,0.04938
1.0,128256.0,8192.0,0.06048
1.0,131072.0,2880.0,0.06016
1.0,152064.0,3584.0,0.0385
1.0,152064.0,8192.0,0.03824
1.0,248320.0,4096.0,0.03818
1.0,248320.0,5120.0,0.03866
1.0,256000.0,3584.0,0.04128
2.0,1024.0,1024.0,0.017792
2.0,1024.0,2048.0,0.018048
2.0,1024.0,2880.0,0.020192
2.0,1024.0,3072.0,0.020288
2.0,1024.0,3584.0,0.020288
2.0,1024.0,4096.0,0.02048
2.0,1024.0,5120.0,0.02032
2.0,1024.0,6144.0,0.02016
2.0,1024.0,7168.0,0.020128
2.0,1024.0,8192.0,0.020704
2.0,1024.0,10240.0,0.02112
2.0,1024.0,12288.0,0.02176
2.0,1024.0,14336.0,0.02256
2.0,1024.0,16384.0,0.023488
2.0,2048.0,1024.0,0.017728
2.0,2048.0,2048.0,0.017952
2.0,2048.0,2880.0,0.02032
2.0,2048.0,3072.0,0.020224
2.0,2048.0,3584.0,0.02032
2.0,2048.0,4096.0,0.02064
2.0,2048.0,5120.0,0.021184
2.0,2048.0,6144.0,0.021952
2.0,2048.0,7168.0,0.022816
2.0,2048.0,8192.0,0.02224
2.0,2048.0,10240.0,0.026176
2.0,2048.0,12288.0,0.034528
2.0,2048.0,14336.0,0.036512
2.0,2048.0,16384.0,0.039264
2.0,2880.0,1024.0,0.017856
2.0,2880.0,2048.0,0.018048
2.0,2880.0,2880.0,0.03981
2.0,2880.0,3072.0,0.02096
2.0,2880.0,3584.0,0.021248
2.0,2880.0,4096.0,0.021824
2.0,2880.0,5120.0,0.023104
2.0,2880.0,6144.0,0.024448
2.0,2880.0,7168.0,0.027168
2.0,2880.0,8192.0,0.03472
2.0,2880.0,10240.0,0.038432
2.0,2880.0,12288.0,0.04256
2.0,2880.0,14336.0,0.046656
2.0,2880.0,16384.0,0.047712
2.0,3072.0,1024.0,0.01792
2.0,3072.0,2048.0,0.017856
2.0,3072.0,2880.0,0.021248
2.0,3072.0,3072.0,0.021216
2.0,3072.0,3584.0,0.021536
2.0,3072.0,4096.0,0.021632
2.0,3072.0,5120.0,0.022464
2.0,3072.0,6144.0,0.023552
2.0,3072.0,7168.0,0.03104
2.0,3072.0,8192.0,0.033888
2.0,3072.0,10240.0,0.03776
2.0,3072.0,12288.0,0.041888
2.0,3072.0,14336.0,0.045856
2.0,3072.0,16384.0,0.050112
2.0,3584.0,1024.0,0.017952
2.0,3584.0,2048.0,0.017888
2.0,3584.0,2880.0,0.018752
2.0,3584.0,3072.0,0.01872
2.0,3584.0,3584.0,0.04026
2.0,3584.0,4096.0,0.01984
2.0,3584.0,5120.0,0.021408
2.0,3584.0,6144.0,0.031296
2.0,3584.0,7168.0,0.034432
2.0,3584.0,8192.0,0.036864
2.0,3584.0,10240.0,0.041632
2.0,3584.0,12288.0,0.046656
2.0,3584.0,14336.0,0.03949
2.0,3584.0,16384.0,0.06016
2.0,3584.0,18944.0,0.04006
2.0,3600.0,2880.0,0.04448
2.0,4096.0,1024.0,0.017792
2.0,4096.0,2048.0,0.017888
2.0,4096.0,2880.0,0.018784
2.0,4096.0,3072.0,0.018848
2.0,4096.0,3584.0,0.019424
2.0,4096.0,4096.0,0.04445
2.0,4096.0,5120.0,0.023904
2.0,4096.0,6144.0,0.029888
2.0,4096.0,7168.0,0.037536
2.0,4096.0,8192.0,0.039776
2.0,4096.0,10240.0,0.045536
2.0,4096.0,12288.0,0.04435
2.0,4096.0,12800.0,0.04451
2.0,4096.0,14336.0,0.04451
2.0,4096.0,16384.0,0.060288
2.0,4608.0,3584.0,0.04448
2.0,5120.0,1024.0,0.01792
2.0,5120.0,2048.0,0.018912
2.0,5120.0,2880.0,0.019712
2.0,5120.0,3072.0,0.02
2.0,5120.0,3584.0,0.02096
2.0,5120.0,4096.0,0.025248
2.0,5120.0,5112.0,0.04477
2.0,5120.0,5120.0,0.030784
2.0,5120.0,6144.0,0.034048
2.0,5120.0,7168.0,0.03744
2.0,5120.0,8192.0,0.0408
2.0,5120.0,10240.0,0.047616
2.0,5120.0,12288.0,0.05456
2.0,5120.0,14336.0,0.061504
2.0,5120.0,16384.0,0.068288
2.0,5120.0,17408.0,0.0647
2.0,6144.0,1024.0,0.018016
2.0,6144.0,2048.0,0.019296
2.0,6144.0,2880.0,0.02144
2.0,6144.0,3072.0,0.021952
2.0,6144.0,3584.0,0.028352
2.0,6144.0,4096.0,0.06566
2.0,6144.0,5120.0,0.038432
2.0,6144.0,6144.0,0.042304
2.0,6144.0,7168.0,0.04608
2.0,6144.0,8192.0,0.050528
2.0,6144.0,10240.0,0.058656
2.0,6144.0,12288.0,0.06624
2.0,6144.0,14336.0,0.07504
2.0,6144.0,16384.0,0.082976
2.0,6816.0,5120.0,0.06522
2.0,7168.0,1024.0,0.018016
2.0,7168.0,2048.0,0.019616
2.0,7168.0,2880.0,0.023456
2.0,7168.0,3072.0,0.027392
2.0,7168.0,3584.0,0.0655
2.0,7168.0,4096.0,0.033024
2.0,7168.0,5120.0,0.041632
2.0,7168.0,6144.0,0.04608
2.0,7168.0,7168.0,0.05418
2.0,7168.0,8192.0,0.056544
2.0,7168.0,10240.0,0.065696
2.0,7168.0,12288.0,0.076672
2.0,7168.0,14336.0,0.085856
2.0,7168.0,16384.0,0.09552
2.0,7168.0,20480.0,0.05354
2.0,8192.0,1024.0,0.01792
2.0,8192.0,2048.0,0.019488
2.0,8192.0,2880.0,0.028992
2.0,8192.0,3072.0,0.029856
2.0,8192.0,3584.0,0.032544
2.0,8192.0,4096.0,0.035008
2.0,8192.0,5120.0,0.04016
2.0,8192.0,6144.0,0.045632
2.0,8192.0,7168.0,0.05104
2.0,8192.0,8192.0,0.05414
2.0,8192.0,10240.0,0.06688
2.0,8192.0,12288.0,0.077824
2.0,8192.0,14336.0,0.087744
2.0,8192.0,16384.0,0.09872
2.0,8192.0,28672.0,0.0546899999999999
2.0,8192.0,29568.0,0.10381
2.0,9216.0,7168.0,0.10384
2.0,10240.0,1024.0,0.018048
2.0,10240.0,2048.0,0.024576
2.0,10240.0,2880.0,0.033312
2.0,10240.0,3072.0,0.03456
2.0,10240.0,3584.0,0.037664
2.0,10240.0,4096.0,0.040672
2.0,10240.0,5120.0,0.04736
2.0,10240.0,6144.0,0.054208
2.0,10240.0,7168.0,0.061216
2.0,10240.0,8192.0,0.10352
2.0,10240.0,10240.0,0.080768
2.0,10240.0,12288.0,0.094976
2.0,10240.0,14336.0,0.10832
2.0,10240.0,16384.0,0.121632
2.0,12288.0,1024.0,0.018944
2.0,12288.0,2048.0,0.030592
2.0,12288.0,2880.0,0.03744
2.0,12288.0,3072.0,0.037984
2.0,12288.0,3584.0,0.042656
2.0,12288.0,4096.0,0.10342
2.0,12288.0,5120.0,0.054176
2.0,12288.0,6144.0,0.062368
2.0,12288.0,7168.0,0.069728
2.0,12288.0,8192.0,0.080256
2.0,12288.0,10240.0,0.096448
2.0,12288.0,12288.0,0.10976
2.0,12288.0,14336.0,0.131296
2.0,12288.0,16384.0,0.147552
2.0,12800.0,4096.0,0.15619
2.0,14336.0,1024.0,0.019424
2.0,14336.0,2048.0,0.034944
2.0,14336.0,2880.0,0.043616
2.0,14336.0,3072.0,0.044544
2.0,14336.0,3584.0,0.1561
2.0,14336.0,4096.0,0.09594
2.0,14336.0,5120.0,0.0656
2.0,14336.0,6144.0,0.075072
2.0,14336.0,7168.0,0.085792
2.0,14336.0,8192.0,0.097056
2.0,14336.0,10240.0,0.11616
2.0,14336.0,12288.0,0.136864
2.0,14336.0,14336.0,0.156992
2.0,14336.0,16384.0,0.183488
2.0,16384.0,1024.0,0.019264
2.0,16384.0,2048.0,0.035136
2.0,16384.0,2880.0,0.043264
2.0,16384.0,3072.0,0.045216
2.0,16384.0,3584.0,0.050368
2.0,16384.0,4096.0,0.055904
2.0,16384.0,5120.0,0.066208
2.0,16384.0,6144.0,0.076768
2.0,16384.0,7168.0,0.087072
2.0,16384.0,8192.0,0.097696
2.0,16384.0,10240.0,0.118112
2.0,16384.0,12288.0,0.138688
2.0,16384.0,14336.0,0.160128
2.0,16384.0,16384.0,0.1808
2.0,17408.0,5120.0,0.09606
2.0,18944.0,3584.0,0.31651
2.0,20480.0,1024.0,0.025024
2.0,20480.0,2048.0,0.041088
2.0,20480.0,2880.0,0.051968
2.0,20480.0,3072.0,0.054496
2.0,20480.0,3584.0,0.061408
2.0,20480.0,4096.0,0.067776
2.0,20480.0,5120.0,0.081728
2.0,20480.0,6144.0,0.094816
2.0,20480.0,7168.0,0.35504
2.0,20480.0,8192.0,0.121952
2.0,20480.0,10240.0,0.14848
2.0,20480.0,12288.0,0.175296
2.0,20480.0,14336.0,0.202496
2.0,20480.0,16384.0,0.228896
2.0,28672.0,1024.0,0.034112
2.0,28672.0,2048.0,0.050976
2.0,28672.0,2880.0,0.065984
2.0,28672.0,3072.0,0.06944
2.0,28672.0,3584.0,0.078656
2.0,28672.0,4096.0,0.087808
2.0,28672.0,5120.0,0.10784
2.0,28672.0,6144.0,0.125632
2.0,28672.0,7168.0,0.144256
2.0,28672.0,8192.0,0.25718
2.0,28672.0,10240.0,0.198336
2.0,28672.0,12288.0,0.236032
2.0,28672.0,14336.0,0.274176
2.0,28672.0,16384.0,0.312096
2.0,29568.0,8192.0,0.25683
2.0,32000.0,4096.0,0.3610899999999999
2.0,32768.0,1024.0,0.035456
2.0,32768.0,2048.0,0.055776
2.0,32768.0,2880.0,0.072736
2.0,32768.0,3072.0,0.076928
2.0,32768.0,3584.0,0.087072
2.0,32768.0,4096.0,0.09744
2.0,32768.0,5120.0,0.11792
2.0,32768.0,6144.0,0.138656
2.0,32768.0,7168.0,0.159584
2.0,32768.0,8192.0,0.179552
2.0,32768.0,10240.0,0.221504
2.0,32768.0,12288.0,0.263104
2.0,32768.0,14336.0,0.3048
2.0,32768.0,16384.0,0.346112
2.0,49155.0,4096.0,0.8222999999999999
2.0,64000.0,7168.0,0.8225
2.0,128256.0,4096.0,0.67338
2.0,128256.0,8192.0,0.6738200000000001
2.0,131072.0,2880.0,0.84045
2.0,152064.0,3584.0,0.84016
2.0,152064.0,8192.0,0.60346
2.0,248320.0,4096.0,0.60275
2.0,248320.0,5120.0,0.01139
2.0,256000.0,3584.0,0.01142
4.0,1024.0,1024.0,0.017824
4.0,1024.0,2048.0,0.018176
4.0,1024.0,2880.0,0.020448
4.0,1024.0,3072.0,0.020352
4.0,1024.0,3584.0,0.020672
4.0,1024.0,4096.0,0.020416
4.0,1024.0,5120.0,0.020224
4.0,1024.0,6144.0,0.02032
4.0,1024.0,7168.0,0.020768
4.0,1024.0,8192.0,0.020672
4.0,1024.0,10240.0,0.021344
4.0,1024.0,12288.0,0.0216
4.0,1024.0,14336.0,0.022464
4.0,1024.0,16384.0,0.02304
4.0,2048.0,1024.0,0.017696
4.0,2048.0,2048.0,0.017888
4.0,2048.0,2880.0,0.020224
4.0,2048.0,3072.0,0.020032
4.0,2048.0,3584.0,0.02032
4.0,2048.0,4096.0,0.020736
4.0,2048.0,5120.0,0.021088
4.0,2048.0,6144.0,0.021504
4.0,2048.0,7168.0,0.02208
4.0,2048.0,8192.0,0.02256
4.0,2048.0,10240.0,0.026496
4.0,2048.0,12288.0,0.034112
4.0,2048.0,14336.0,0.036864
4.0,2048.0,16384.0,0.039808
4.0,2880.0,1024.0,0.017856
4.0,2880.0,2048.0,0.017696
4.0,2880.0,2880.0,0.01155
4.0,2880.0,3072.0,0.021184
4.0,2880.0,3584.0,0.021184
4.0,2880.0,4096.0,0.0216
4.0,2880.0,5120.0,0.022912
4.0,2880.0,6144.0,0.024576
4.0,2880.0,7168.0,0.026944
4.0,2880.0,8192.0,0.035008
4.0,2880.0,10240.0,0.038016
4.0,2880.0,12288.0,0.042272
4.0,2880.0,14336.0,0.0448
4.0,2880.0,16384.0,0.048192
4.0,3072.0,1024.0,0.01792
4.0,3072.0,2048.0,0.017728
4.0,3072.0,2880.0,0.020928
4.0,3072.0,3072.0,0.021216
4.0,3072.0,3584.0,0.02144
4.0,3072.0,4096.0,0.021536
4.0,3072.0,5120.0,0.022496
4.0,3072.0,6144.0,0.023584
4.0,3072.0,7168.0,0.031232
4.0,3072.0,8192.0,0.034112
4.0,3072.0,10240.0,0.038144
4.0,3072.0,12288.0,0.042016
4.0,3072.0,14336.0,0.045984
4.0,3072.0,16384.0,0.050336
4.0,3584.0,1024.0,0.017824
4.0,3584.0,2048.0,0.017952
4.0,3584.0,2880.0,0.018848
4.0,3584.0,3072.0,0.018688
4.0,3584.0,3584.0,0.011615
4.0,3584.0,4096.0,0.019552
4.0,3584.0,5120.0,0.021536
4.0,3584.0,6144.0,0.031136
4.0,3584.0,7168.0,0.034368
4.0,3584.0,8192.0,0.036128
4.0,3584.0,10240.0,0.041248
4.0,3584.0,12288.0,0.04752
4.0,3584.0,14336.0,0.0115199999999999
4.0,3584.0,16384.0,0.05792
4.0,3584.0,18944.0,0.0136149999999999
4.0,3600.0,2880.0,0.0135699999999999
4.0,4096.0,1024.0,0.017952
4.0,4096.0,2048.0,0.017984
4.0,4096.0,2880.0,0.018528
4.0,4096.0,3072.0,0.018816
4.0,4096.0,3584.0,0.018912
4.0,4096.0,4096.0,0.040605
4.0,4096.0,5120.0,0.024128
4.0,4096.0,6144.0,0.03072
4.0,4096.0,7168.0,0.036736
4.0,4096.0,8192.0,0.039168
4.0,4096.0,10240.0,0.044288
4.0,4096.0,12288.0,0.0408
4.0,4096.0,12800.0,0.05168
4.0,4096.0,14336.0,0.03163
4.0,4096.0,16384.0,0.060224
4.0,4608.0,3584.0,0.012145
4.0,5120.0,1024.0,0.018016
4.0,5120.0,2048.0,0.018592
4.0,5120.0,2880.0,0.01936
4.0,5120.0,3072.0,0.019616
4.0,5120.0,3584.0,0.02048
4.0,5120.0,4096.0,0.02496
4.0,5120.0,5112.0,0.0172949999999999
4.0,5120.0,5120.0,0.031008
4.0,5120.0,6144.0,0.034528
4.0,5120.0,7168.0,0.037504
4.0,5120.0,8192.0,0.040864
4.0,5120.0,10240.0,0.047648
4.0,5120.0,12288.0,0.054336
4.0,5120.0,14336.0,0.061408
4.0,5120.0,16384.0,0.067712
4.0,5120.0,17408.0,0.01734
4.0,6144.0,1024.0,0.017952
4.0,6144.0,2048.0,0.019072
4.0,6144.0,2880.0,0.020928
4.0,6144.0,3072.0,0.021312
4.0,6144.0,3584.0,0.028192
4.0,6144.0,4096.0,0.040415
4.0,6144.0,5120.0,0.03872
4.0,6144.0,6144.0,0.04272
4.0,6144.0,7168.0,0.046112
4.0,6144.0,8192.0,0.0504
4.0,6144.0,10240.0,0.058752
4.0,6144.0,12288.0,0.06672
4.0,6144.0,14336.0,0.075488
4.0,6144.0,16384.0,0.083456
4.0,6816.0,5120.0,0.0402099999999999
4.0,7168.0,1024.0,0.017984
4.0,7168.0,2048.0,0.019328
4.0,7168.0,2880.0,0.023648
4.0,7168.0,3072.0,0.027424
4.0,7168.0,3584.0,0.0414899999999999
4.0,7168.0,4096.0,0.0328
4.0,7168.0,5120.0,0.04432
4.0,7168.0,6144.0,0.046688
4.0,7168.0,7168.0,0.04115
4.0,7168.0,8192.0,0.056832
4.0,7168.0,10240.0,0.066496
4.0,7168.0,12288.0,0.077056
4.0,7168.0,14336.0,0.08656
4.0,7168.0,16384.0,0.095584
4.0,7168.0,20480.0,0.0454249999999999
4.0,8192.0,1024.0,0.017824
4.0,8192.0,2048.0,0.019488
4.0,8192.0,2880.0,0.029024
4.0,8192.0,3072.0,0.030336
4.0,8192.0,3584.0,0.032832
4.0,8192.0,4096.0,0.035264
4.0,8192.0,5120.0,0.040384
4.0,8192.0,6144.0,0.04576
4.0,8192.0,7168.0,0.05136
4.0,8192.0,8192.0,0.04509
4.0,8192.0,10240.0,0.067136
4.0,8192.0,12288.0,0.077216
4.0,8192.0,14336.0,0.087648
4.0,8192.0,16384.0,0.098688
4.0,8192.0,28672.0,0.0451
4.0,8192.0,29568.0,0.044865
4.0,9216.0,7168.0,0.0167349999999999
4.0,10240.0,1024.0,0.018336
4.0,10240.0,2048.0,0.024736
4.0,10240.0,2880.0,0.033056
4.0,10240.0,3072.0,0.03456
4.0,10240.0,3584.0,0.037664
4.0,10240.0,4096.0,0.041216
4.0,10240.0,5120.0,0.047328
4.0,10240.0,6144.0,0.054496
4.0,10240.0,7168.0,0.060736
4.0,10240.0,8192.0,0.016785
4.0,10240.0,10240.0,0.081504
4.0,10240.0,12288.0,0.094816
4.0,10240.0,14336.0,0.10848
4.0,10240.0,16384.0,0.121888
4.0,12288.0,1024.0,0.019136
4.0,12288.0,2048.0,0.030624
4.0,12288.0,2880.0,0.037088
4.0,12288.0,3072.0,0.038496
4.0,12288.0,3584.0,0.042464
4.0,12288.0,4096.0,0.024305
4.0,12288.0,5120.0,0.055168
4.0,12288.0,6144.0,0.063008
4.0,12288.0,7168.0,0.071264
4.0,12288.0,8192.0,0.079552
4.0,12288.0,10240.0,0.096224
4.0,12288.0,12288.0,0.111712
4.0,12288.0,14336.0,0.131488
4.0,12288.0,16384.0,0.147904
4.0,12800.0,4096.0,0.0644949999999999
4.0,14336.0,1024.0,0.019296
4.0,14336.0,2048.0,0.035008
4.0,14336.0,2880.0,0.04336
4.0,14336.0,3072.0,0.04464
4.0,14336.0,3584.0,0.0237949999999999
4.0,14336.0,4096.0,0.027075
4.0,14336.0,5120.0,0.065728
4.0,14336.0,6144.0,0.075488
4.0,14336.0,7168.0,0.087488
4.0,14336.0,8192.0,0.097184
4.0,14336.0,10240.0,0.116992
4.0,14336.0,12288.0,0.137216
4.0,14336.0,14336.0,0.158272
4.0,14336.0,16384.0,0.183488
4.0,16384.0,1024.0,0.0192
4.0,16384.0,2048.0,0.0352
4.0,16384.0,2880.0,0.043232
4.0,16384.0,3072.0,0.045344
4.0,16384.0,3584.0,0.050528
4.0,16384.0,4096.0,0.055712
4.0,16384.0,5120.0,0.06624
4.0,16384.0,6144.0,0.076992
4.0,16384.0,7168.0,0.087136
4.0,16384.0,8192.0,0.097632
4.0,16384.0,10240.0,0.118112
4.0,16384.0,12288.0,0.139168
4.0,16384.0,14336.0,0.159904
4.0,16384.0,16384.0,0.180736
4.0,17408.0,5120.0,0.04072
4.0,18944.0,3584.0,0.101745
4.0,20480.0,1024.0,0.024672
4.0,20480.0,2048.0,0.04096
4.0,20480.0,2880.0,0.052128
4.0,20480.0,3072.0,0.054592
4.0,20480.0,3584.0,0.06144
4.0,20480.0,4096.0,0.068096
4.0,20480.0,5120.0,0.081952
4.0,20480.0,6144.0,0.094944
4.0,20480.0,7168.0,0.05008
4.0,20480.0,8192.0,0.121792
4.0,20480.0,10240.0,0.148576
4.0,20480.0,12288.0,0.174816
4.0,20480.0,14336.0,0.201984
4.0,20480.0,16384.0,0.228832
4.0,28672.0,1024.0,0.034176
4.0,28672.0,2048.0,0.051104
4.0,28672.0,2880.0,0.06624
4.0,28672.0,3072.0,0.06928
4.0,28672.0,3584.0,0.078752
4.0,28672.0,4096.0,0.087776
4.0,28672.0,5120.0,0.108
4.0,28672.0,6144.0,0.125728
4.0,28672.0,7168.0,0.14464
4.0,28672.0,8192.0,0.157615
4.0,28672.0,10240.0,0.198432
4.0,28672.0,12288.0,0.236576
4.0,28672.0,14336.0,0.275488
4.0,28672.0,16384.0,0.31232
4.0,29568.0,8192.0,0.16451
4.0,32000.0,4096.0,0.04979
4.0,32768.0,1024.0,0.035296
4.0,32768.0,2048.0,0.056224
4.0,32768.0,2880.0,0.073248
4.0,32768.0,3072.0,0.077056
4.0,32768.0,3584.0,0.087552
4.0,32768.0,4096.0,0.097696
4.0,32768.0,5120.0,0.11808
4.0,32768.0,6144.0,0.139168
4.0,32768.0,7168.0,0.159776
4.0,32768.0,8192.0,0.180832
4.0,32768.0,10240.0,0.22192
4.0,32768.0,12288.0,0.263488
4.0,32768.0,14336.0,0.30512
4.0,32768.0,16384.0,0.346944
4.0,49155.0,4096.0,0.050145
4.0,64000.0,7168.0,0.06056
4.0,128256.0,4096.0,0.060895
4.0,128256.0,8192.0,0.03883
4.0,131072.0,2880.0,0.03893
4.0,152064.0,3584.0,0.0390899999999999
4.0,152064.0,8192.0,0.038785
4.0,248320.0,4096.0,0.041745
4.0,248320.0,5120.0,0.0416799999999999
4.0,256000.0,3584.0,0.04157
8.0,1024.0,1024.0,0.017952
8.0,1024.0,2048.0,0.018016
8.0,1024.0,2880.0,0.020608
8.0,1024.0,3072.0,0.020416
8.0,1024.0,3584.0,0.02048
8.0,1024.0,4096.0,0.020352
8.0,1024.0,5120.0,0.020192
8.0,1024.0,6144.0,0.020352
8.0,1024.0,7168.0,0.020288
8.0,1024.0,8192.0,0.02064
8.0,1024.0,10240.0,0.021248
8.0,1024.0,12288.0,0.021376
8.0,1024.0,14336.0,0.021888
8.0,1024.0,16384.0,0.022496
8.0,2048.0,1024.0,0.017824
8.0,2048.0,2048.0,0.01808
8.0,2048.0,2880.0,0.020224
8.0,2048.0,3072.0,0.019904
8.0,2048.0,3584.0,0.019968
8.0,2048.0,4096.0,0.020128
8.0,2048.0,5120.0,0.020928
8.0,2048.0,6144.0,0.020992
8.0,2048.0,7168.0,0.021408
8.0,2048.0,8192.0,0.021504
8.0,2048.0,10240.0,0.026912
8.0,2048.0,12288.0,0.034112
8.0,2048.0,14336.0,0.036832
8.0,2048.0,16384.0,0.039712
8.0,2880.0,1024.0,0.017728
8.0,2880.0,2048.0,0.018016
8.0,2880.0,2880.0,0.0404649999999999
8.0,2880.0,3072.0,0.02112
8.0,2880.0,3584.0,0.021376
8.0,2880.0,4096.0,0.021728
8.0,2880.0,5120.0,0.022848
8.0,2880.0,6144.0,0.02432
8.0,2880.0,7168.0,0.02672
8.0,2880.0,8192.0,0.03472
8.0,2880.0,10240.0,0.038432
8.0,2880.0,12288.0,0.042048
8.0,2880.0,14336.0,0.045888
8.0,2880.0,16384.0,0.050208
8.0,3072.0,1024.0,0.017856
8.0,3072.0,2048.0,0.01776
8.0,3072.0,2880.0,0.020416
8.0,3072.0,3072.0,0.020928
8.0,3072.0,3584.0,0.020896
8.0,3072.0,4096.0,0.020448
8.0,3072.0,5120.0,0.022176
8.0,3072.0,6144.0,0.023296
8.0,3072.0,7168.0,0.031232
8.0,3072.0,8192.0,0.034016
8.0,3072.0,10240.0,0.03808
8.0,3072.0,12288.0,0.042048
8.0,3072.0,14336.0,0.046112
8.0,3072.0,16384.0,0.050048
8.0,3584.0,1024.0,0.017824
8.0,3584.0,2048.0,0.018112
8.0,3584.0,2880.0,0.018656
8.0,3584.0,3072.0,0.01888
8.0,3584.0,3584.0,0.039825
8.0,3584.0,4096.0,0.01936
8.0,3584.0,5120.0,0.021184
8.0,3584.0,6144.0,0.031552
8.0,3584.0,7168.0,0.034688
8.0,3584.0,8192.0,0.036736
8.0,3584.0,10240.0,0.041376
8.0,3584.0,12288.0,0.046848
8.0,3584.0,14336.0,0.044975
8.0,3584.0,16384.0,0.06
8.0,3584.0,18944.0,0.04531
8.0,3600.0,2880.0,0.04488
8.0,4096.0,1024.0,0.017856
8.0,4096.0,2048.0,0.018112
8.0,4096.0,2880.0,0.018624
8.0,4096.0,3072.0,0.018784
8.0,4096.0,3584.0,0.018848
8.0,4096.0,4096.0,0.0446899999999999
8.0,4096.0,5120.0,0.024544
8.0,4096.0,6144.0,0.030016
8.0,4096.0,7168.0,0.0368
8.0,4096.0,8192.0,0.039232
8.0,4096.0,10240.0,0.044416
8.0,4096.0,12288.0,0.04509
8.0,4096.0,12800.0,0.04496
8.0,4096.0,14336.0,0.044945
8.0,4096.0,16384.0,0.060384
8.0,4608.0,3584.0,0.067585
8.0,5120.0,1024.0,0.01792
8.0,5120.0,2048.0,0.017952
8.0,5120.0,2880.0,0.018912
8.0,5120.0,3072.0,0.018976
8.0,5120.0,3584.0,0.02016
8.0,5120.0,4096.0,0.0248
8.0,5120.0,5112.0,0.0671499999999999
8.0,5120.0,5120.0,0.03088
8.0,5120.0,6144.0,0.034112
8.0,5120.0,7168.0,0.03728
8.0,5120.0,8192.0,0.040608
8.0,5120.0,10240.0,0.047296
8.0,5120.0,12288.0,0.054272
8.0,5120.0,14336.0,0.061088
8.0,5120.0,16384.0,0.068128
8.0,5120.0,17408.0,0.0676349999999999
8.0,6144.0,1024.0,0.017824
8.0,6144.0,2048.0,0.018848
8.0,6144.0,2880.0,0.020544
8.0,6144.0,3072.0,0.020512
8.0,6144.0,3584.0,0.028
8.0,6144.0,4096.0,0.067745
8.0,6144.0,5120.0,0.039136
8.0,6144.0,6144.0,0.042976
8.0,6144.0,7168.0,0.046944
8.0,6144.0,8192.0,0.05136
8.0,6144.0,10240.0,0.059552
8.0,6144.0,12288.0,0.067712
8.0,6144.0,14336.0,0.075936
8.0,6144.0,16384.0,0.083648
8.0,6816.0,5120.0,0.055855
8.0,7168.0,1024.0,0.01792
8.0,7168.0,2048.0,0.018848
8.0,7168.0,2880.0,0.02384
8.0,7168.0,3072.0,0.027712
8.0,7168.0,3584.0,0.055455
8.0,7168.0,4096.0,0.032864
8.0,7168.0,5120.0,0.044832
8.0,7168.0,6144.0,0.04864
8.0,7168.0,7168.0,0.05525
8.0,7168.0,8192.0,0.057088
8.0,7168.0,10240.0,0.066048
8.0,7168.0,12288.0,0.075808
8.0,7168.0,14336.0,0.090688
8.0,7168.0,16384.0,0.097568
8.0,7168.0,20480.0,0.056015
8.0,8192.0,1024.0,0.018112
8.0,8192.0,2048.0,0.018816
8.0,8192.0,2880.0,0.029088
8.0,8192.0,3072.0,0.0304
8.0,8192.0,3584.0,0.032768
8.0,8192.0,4096.0,0.035424
8.0,8192.0,5120.0,0.040608
8.0,8192.0,6144.0,0.045664
8.0,8192.0,7168.0,0.051008
8.0,8192.0,8192.0,0.10424
8.0,8192.0,10240.0,0.067264
8.0,8192.0,12288.0,0.077408
8.0,8192.0,14336.0,0.088512
8.0,8192.0,16384.0,0.098592
8.0,8192.0,28672.0,0.10438
8.0,8192.0,29568.0,0.10403
8.0,9216.0,7168.0,0.1041
8.0,10240.0,1024.0,0.018048
8.0,10240.0,2048.0,0.024704
8.0,10240.0,2880.0,0.033184
8.0,10240.0,3072.0,0.034272
8.0,10240.0,3584.0,0.0376
8.0,10240.0,4096.0,0.040704
8.0,10240.0,5120.0,0.047488
8.0,10240.0,6144.0,0.054368
8.0,10240.0,7168.0,0.061184
8.0,10240.0,8192.0,0.156915
8.0,10240.0,10240.0,0.082048
8.0,10240.0,12288.0,0.094944
8.0,10240.0,14336.0,0.10864
8.0,10240.0,16384.0,0.122112
8.0,12288.0,1024.0,0.018784
8.0,12288.0,2048.0,0.030304
8.0,12288.0,2880.0,0.03696
8.0,12288.0,3072.0,0.0384
8.0,12288.0,3584.0,0.042368
8.0,12288.0,4096.0,0.15699
8.0,12288.0,5120.0,0.054752
8.0,12288.0,6144.0,0.0632
8.0,12288.0,7168.0,0.071456
8.0,12288.0,8192.0,0.077792
8.0,12288.0,10240.0,0.093696
8.0,12288.0,12288.0,0.111648
8.0,12288.0,14336.0,0.125632
8.0,12288.0,16384.0,0.147808
8.0,12800.0,4096.0,0.16424
8.0,14336.0,1024.0,0.019456
8.0,14336.0,2048.0,0.035168
8.0,14336.0,2880.0,0.043936
8.0,14336.0,3072.0,0.045216
8.0,14336.0,3584.0,0.17408
8.0,14336.0,4096.0,0.1347549999999999
8.0,14336.0,5120.0,0.066848
8.0,14336.0,6144.0,0.077152
8.0,14336.0,7168.0,0.088384
8.0,14336.0,8192.0,0.098592
8.0,14336.0,10240.0,0.120128
8.0,14336.0,12288.0,0.1392
8.0,14336.0,14336.0,0.160288
8.0,14336.0,16384.0,0.179904
8.0,16384.0,1024.0,0.01904
8.0,16384.0,2048.0,0.035392
8.0,16384.0,2880.0,0.04368
8.0,16384.0,3072.0,0.045472
8.0,16384.0,3584.0,0.0504
8.0,16384.0,4096.0,0.056352
8.0,16384.0,5120.0,0.066144
8.0,16384.0,6144.0,0.0768
8.0,16384.0,7168.0,0.087136
8.0,16384.0,8192.0,0.097504
8.0,16384.0,10240.0,0.118112
8.0,16384.0,12288.0,0.13936
8.0,16384.0,14336.0,0.160544
8.0,16384.0,16384.0,0.181696
8.0,17408.0,5120.0,0.273375
8.0,18944.0,3584.0,0.3395849999999999
8.0,20480.0,1024.0,0.024768
8.0,20480.0,2048.0,0.04096
8.0,20480.0,2880.0,0.05232
8.0,20480.0,3072.0,0.054752
8.0,20480.0,3584.0,0.060896
8.0,20480.0,4096.0,0.06832
8.0,20480.0,5120.0,0.081152
8.0,20480.0,6144.0,0.095232
8.0,20480.0,7168.0,0.537615
8.0,20480.0,8192.0,0.121952
8.0,20480.0,10240.0,0.148512
8.0,20480.0,12288.0,0.174976
8.0,20480.0,14336.0,0.202432
8.0,20480.0,16384.0,0.22928
8.0,28672.0,1024.0,0.034464
8.0,28672.0,2048.0,0.054368
8.0,28672.0,2880.0,0.070144
8.0,28672.0,3072.0,0.07536
8.0,28672.0,3584.0,0.083392
8.0,28672.0,4096.0,0.094464
8.0,28672.0,5120.0,0.114944
8.0,28672.0,6144.0,0.132512
8.0,28672.0,7168.0,0.152576
8.0,28672.0,8192.0,0.47925
8.0,28672.0,10240.0,0.198144
8.0,28672.0,12288.0,0.236864
8.0,28672.0,14336.0,0.273632
8.0,28672.0,16384.0,0.311744
8.0,29568.0,8192.0,0.31027
8.0,32000.0,4096.0,0.362735
8.0,32768.0,1024.0,0.03552
8.0,32768.0,2048.0,0.055968
8.0,32768.0,2880.0,0.073472
8.0,32768.0,3072.0,0.077216
8.0,32768.0,3584.0,0.087552
8.0,32768.0,4096.0,0.097824
8.0,32768.0,5120.0,0.118432
8.0,32768.0,6144.0,0.1392
8.0,32768.0,7168.0,0.160032
8.0,32768.0,8192.0,0.180704
8.0,32768.0,10240.0,0.222272
8.0,32768.0,12288.0,0.26368
8.0,32768.0,14336.0,0.305728
8.0,32768.0,16384.0,0.347552
8.0,49155.0,4096.0,0.82531
8.0,64000.0,7168.0,0.825665
8.0,128256.0,4096.0,0.6755
8.0,128256.0,8192.0,0.67603
8.0,131072.0,2880.0,0.8429300000000001
8.0,152064.0,3584.0,0.8440799999999999
8.0,152064.0,8192.0,0.6056
8.0,248320.0,4096.0,0.60627
8.0,248320.0,5120.0,0.0115199999999999
8.0,256000.0,3584.0,0.01165
16.0,1024.0,1024.0,0.017984
16.0,1024.0,2048.0,0.018016
16.0,1024.0,2880.0,0.020608
16.0,1024.0,3072.0,0.02048
16.0,1024.0,3584.0,0.020512
16.0,1024.0,4096.0,0.020256
16.0,1024.0,5120.0,0.020352
16.0,1024.0,6144.0,0.020256
16.0,1024.0,7168.0,0.0208
16.0,1024.0,8192.0,0.020576
16.0,1024.0,10240.0,0.02112
16.0,1024.0,12288.0,0.021472
16.0,1024.0,14336.0,0.02208
16.0,1024.0,16384.0,0.022976
16.0,2048.0,1024.0,0.017632
16.0,2048.0,2048.0,0.01776
16.0,2048.0,2880.0,0.02032
16.0,2048.0,3072.0,0.020448
16.0,2048.0,3584.0,0.020256
16.0,2048.0,4096.0,0.020544
16.0,2048.0,5120.0,0.021184
16.0,2048.0,6144.0,0.02144
16.0,2048.0,7168.0,0.0216
16.0,2048.0,8192.0,0.026528
16.0,2048.0,10240.0,0.027968
16.0,2048.0,12288.0,0.033824
16.0,2048.0,14336.0,0.036352
16.0,2048.0,16384.0,0.039008
16.0,2880.0,1024.0,0.01808
16.0,2880.0,2048.0,0.018016
16.0,2880.0,2880.0,0.01155
16.0,2880.0,3072.0,0.021344
16.0,2880.0,3584.0,0.021536
16.0,2880.0,4096.0,0.022304
16.0,2880.0,5120.0,0.023328
16.0,2880.0,6144.0,0.024832
16.0,2880.0,7168.0,0.027488
16.0,2880.0,8192.0,0.0352
16.0,2880.0,10240.0,0.039712
16.0,2880.0,12288.0,0.04288
16.0,2880.0,14336.0,0.048448
16.0,2880.0,16384.0,0.051328
16.0,3072.0,1024.0,0.01792
16.0,3072.0,2048.0,0.018016
16.0,3072.0,2880.0,0.018688
16.0,3072.0,3072.0,0.018816
16.0,3072.0,3584.0,0.02128
16.0,3072.0,4096.0,0.021664
16.0,3072.0,5120.0,0.022368
16.0,3072.0,6144.0,0.023776
16.0,3072.0,7168.0,0.031936
16.0,3072.0,8192.0,0.034528
16.0,3072.0,10240.0,0.038464
16.0,3072.0,12288.0,0.042656
16.0,3072.0,14336.0,0.046688
16.0,3072.0,16384.0,0.050816
16.0,3584.0,1024.0,0.017824
16.0,3584.0,2048.0,0.017888
16.0,3584.0,2880.0,0.018656
16.0,3584.0,3072.0,0.020768
16.0,3584.0,3584.0,0.0115049999999999
16.0,3584.0,4096.0,0.021408
16.0,3584.0,5120.0,0.0224
16.0,3584.0,6144.0,0.031904
16.0,3584.0,7168.0,0.035104
16.0,3584.0,8192.0,0.037312
16.0,3584.0,10240.0,0.04208
16.0,3584.0,12288.0,0.046432
16.0,3584.0,14336.0,0.011615
16.0,3584.0,16384.0,0.055936
16.0,3584.0,18944.0,0.01352
16.0,3600.0,2880.0,0.01354
16.0,4096.0,1024.0,0.01792
16.0,4096.0,2048.0,0.018176
16.0,4096.0,2880.0,0.021152
16.0,4096.0,3072.0,0.021184
16.0,4096.0,3584.0,0.021216
16.0,4096.0,4096.0,0.040655
16.0,4096.0,5120.0,0.028352
16.0,4096.0,6144.0,0.034496
16.0,4096.0,7168.0,0.037216
16.0,4096.0,8192.0,0.039904
16.0,4096.0,10240.0,0.044992
16.0,4096.0,12288.0,0.04067
16.0,4096.0,12800.0,0.05144
16.0,4096.0,14336.0,0.031615
16.0,4096.0,16384.0,0.060768
16.0,4608.0,3584.0,0.01216
16.0,5120.0,1024.0,0.017984
16.0,5120.0,2048.0,0.018112
16.0,5120.0,2880.0,0.018976
16.0,5120.0,3072.0,0.020032
16.0,5120.0,3584.0,0.02032
16.0,5120.0,4096.0,0.025056
16.0,5120.0,5112.0,0.0173299999999999
16.0,5120.0,5120.0,0.031072
16.0,5120.0,6144.0,0.034368
16.0,5120.0,7168.0,0.0376
16.0,5120.0,8192.0,0.040864
16.0,5120.0,10240.0,0.047424
16.0,5120.0,12288.0,0.054368
16.0,5120.0,14336.0,0.061152
16.0,5120.0,16384.0,0.068224
16.0,5120.0,17408.0,0.017235
16.0,6144.0,1024.0,0.018112
16.0,6144.0,2048.0,0.018848
16.0,6144.0,2880.0,0.020544
16.0,6144.0,3072.0,0.0208
16.0,6144.0,3584.0,0.028128
16.0,6144.0,4096.0,0.040525
16.0,6144.0,5120.0,0.03536
16.0,6144.0,6144.0,0.039712
16.0,6144.0,7168.0,0.043904
16.0,6144.0,8192.0,0.050944
16.0,6144.0,10240.0,0.058944
16.0,6144.0,12288.0,0.067168
16.0,6144.0,14336.0,0.07648
16.0,6144.0,16384.0,0.084768
16.0,6816.0,5120.0,0.04027
16.0,7168.0,1024.0,0.018016
16.0,7168.0,2048.0,0.018976
16.0,7168.0,2880.0,0.024032
16.0,7168.0,3072.0,0.02752
16.0,7168.0,3584.0,0.0410849999999999
16.0,7168.0,4096.0,0.03296
16.0,7168.0,5120.0,0.037344
16.0,7168.0,6144.0,0.041952
16.0,7168.0,7168.0,0.041185
16.0,7168.0,8192.0,0.051392
16.0,7168.0,10240.0,0.06112
16.0,7168.0,12288.0,0.070304
16.0,7168.0,14336.0,0.079584
16.0,7168.0,16384.0,0.099808
16.0,7168.0,20480.0,0.04538
16.0,8192.0,1024.0,0.018048
16.0,8192.0,2048.0,0.018944
16.0,8192.0,2880.0,0.029056
16.0,8192.0,3072.0,0.03024
16.0,8192.0,3584.0,0.032992
16.0,8192.0,4096.0,0.035456
16.0,8192.0,5120.0,0.0408
16.0,8192.0,6144.0,0.045536
16.0,8192.0,7168.0,0.051392
16.0,8192.0,8192.0,0.0449
16.0,8192.0,10240.0,0.06736
16.0,8192.0,12288.0,0.07776
16.0,8192.0,14336.0,0.08864
16.0,8192.0,16384.0,0.099072
16.0,8192.0,28672.0,0.04509
16.0,8192.0,29568.0,0.045025
16.0,9216.0,7168.0,0.016685
16.0,10240.0,1024.0,0.018048
16.0,10240.0,2048.0,0.025248
16.0,10240.0,2880.0,0.033248
16.0,10240.0,3072.0,0.034528
16.0,10240.0,3584.0,0.037696
16.0,10240.0,4096.0,0.041056
16.0,10240.0,5120.0,0.047712
16.0,10240.0,6144.0,0.054464
16.0,10240.0,7168.0,0.061088
16.0,10240.0,8192.0,0.0166399999999999
16.0,10240.0,10240.0,0.082048
16.0,10240.0,12288.0,0.095424
16.0,10240.0,14336.0,0.108704
16.0,10240.0,16384.0,0.122016
16.0,12288.0,1024.0,0.018944
16.0,12288.0,2048.0,0.030816
16.0,12288.0,2880.0,0.03712
16.0,12288.0,3072.0,0.038656
16.0,12288.0,3584.0,0.042848
16.0,12288.0,4096.0,0.024495
16.0,12288.0,5120.0,0.0544
16.0,12288.0,6144.0,0.063584
16.0,12288.0,7168.0,0.070336
16.0,12288.0,8192.0,0.07936
16.0,12288.0,10240.0,0.093984
16.0,12288.0,12288.0,0.11216
16.0,12288.0,14336.0,0.126464
16.0,12288.0,16384.0,0.14176
16.0,12800.0,4096.0,0.0643199999999999
16.0,14336.0,1024.0,0.019648
16.0,14336.0,2048.0,0.035488
16.0,14336.0,2880.0,0.044
16.0,14336.0,3072.0,0.045472
16.0,14336.0,3584.0,0.0239699999999999
16.0,14336.0,4096.0,0.02694
16.0,14336.0,5120.0,0.06656
16.0,14336.0,6144.0,0.07744
16.0,14336.0,7168.0,0.08832
16.0,14336.0,8192.0,0.099008
16.0,14336.0,10240.0,0.11856
16.0,14336.0,12288.0,0.139936
16.0,14336.0,14336.0,0.161408
16.0,14336.0,16384.0,0.181728
16.0,16384.0,1024.0,0.019008
16.0,16384.0,2048.0,0.035168
16.0,16384.0,2880.0,0.043552
16.0,16384.0,3072.0,0.045344
16.0,16384.0,3584.0,0.050784
16.0,16384.0,4096.0,0.055936
16.0,16384.0,5120.0,0.066912
16.0,16384.0,6144.0,0.077376
16.0,16384.0,7168.0,0.087392
16.0,16384.0,8192.0,0.097792
16.0,16384.0,10240.0,0.118624
16.0,16384.0,12288.0,0.140064
16.0,16384.0,14336.0,0.16048
16.0,16384.0,16384.0,0.182144
16.0,17408.0,5120.0,0.040735
16.0,18944.0,3584.0,0.102015
16.0,20480.0,1024.0,0.025824
16.0,20480.0,2048.0,0.041248
16.0,20480.0,2880.0,0.052224
16.0,20480.0,3072.0,0.054784
16.0,20480.0,3584.0,0.061376
16.0,20480.0,4096.0,0.068256
16.0,20480.0,5120.0,0.081632
16.0,20480.0,6144.0,0.095552
16.0,20480.0,7168.0,0.0499649999999999
16.0,20480.0,8192.0,0.1224
16.0,20480.0,10240.0,0.14896
16.0,20480.0,12288.0,0.175744
16.0,20480.0,14336.0,0.202432
16.0,20480.0,16384.0,0.229728
16.0,28672.0,1024.0,0.033184
16.0,28672.0,2048.0,0.051936
16.0,28672.0,2880.0,0.06784
16.0,28672.0,3072.0,0.070272
16.0,28672.0,3584.0,0.079776
16.0,28672.0,4096.0,0.088928
16.0,28672.0,5120.0,0.109536
16.0,28672.0,6144.0,0.127104
16.0,28672.0,7168.0,0.145632
16.0,28672.0,8192.0,0.15811
16.0,28672.0,10240.0,0.199456
16.0,28672.0,12288.0,0.23792
16.0,28672.0,14336.0,0.275104
16.0,28672.0,16384.0,0.312672
16.0,29568.0,8192.0,0.1649749999999999
16.0,32000.0,4096.0,0.04995
16.0,32768.0,1024.0,0.035776
16.0,32768.0,2048.0,0.056352
16.0,32768.0,2880.0,0.073344
16.0,32768.0,3072.0,0.0776
16.0,32768.0,3584.0,0.087872
16.0,32768.0,4096.0,0.098272
16.0,32768.0,5120.0,0.118592
16.0,32768.0,6144.0,0.139776
16.0,32768.0,7168.0,0.160416
16.0,32768.0,8192.0,0.181888
16.0,32768.0,10240.0,0.223232
16.0,32768.0,12288.0,0.26464
16.0,32768.0,14336.0,0.306368
16.0,32768.0,16384.0,0.347808
16.0,49155.0,4096.0,0.05014
16.0,64000.0,7168.0,0.061155
16.0,128256.0,4096.0,0.0618849999999999
16.0,128256.0,8192.0,0.0390399999999999
16.0,131072.0,2880.0,0.0389599999999999
16.0,152064.0,3584.0,0.0393149999999999
16.0,152064.0,8192.0,0.0393299999999999
16.0,248320.0,4096.0,0.04093
16.0,248320.0,5120.0,0.040785
16.0,256000.0,3584.0,0.040655
17.0,2880.0,2880.0,0.01539
32.0,1024.0,1024.0,0.017952
32.0,1024.0,2048.0,0.018048
32.0,1024.0,2880.0,0.02064
32.0,1024.0,3072.0,0.020416
32.0,1024.0,3584.0,0.020384
32.0,1024.0,4096.0,0.020256
32.0,1024.0,5120.0,0.020224
32.0,1024.0,6144.0,0.020192
32.0,1024.0,7168.0,0.020192
32.0,1024.0,8192.0,0.020512
32.0,1024.0,10240.0,0.021152
32.0,1024.0,12288.0,0.021376
32.0,1024.0,14336.0,0.022432
32.0,1024.0,16384.0,0.023136
32.0,2048.0,1024.0,0.017984
32.0,2048.0,2048.0,0.018144
32.0,2048.0,2880.0,0.02048
32.0,2048.0,3072.0,0.020544
32.0,2048.0,3584.0,0.020224
32.0,2048.0,4096.0,0.020608
32.0,2048.0,5120.0,0.02112
32.0,2048.0,6144.0,0.021312
32.0,2048.0,7168.0,0.021952
32.0,2048.0,8192.0,0.023584
32.0,2048.0,10240.0,0.029568
32.0,2048.0,12288.0,0.035584
32.0,2048.0,14336.0,0.037504
32.0,2048.0,16384.0,0.040256
32.0,2880.0,1024.0,0.01824
32.0,2880.0,2048.0,0.018144
32.0,2880.0,2880.0,0.04029
32.0,2880.0,3072.0,0.021664
32.0,2880.0,3584.0,0.022304
32.0,2880.0,4096.0,0.022816
32.0,2880.0,5120.0,0.02416
32.0,2880.0,6144.0,0.025472
32.0,2880.0,7168.0,0.028864
32.0,2880.0,8192.0,0.035744
32.0,2880.0,10240.0,0.040544
32.0,2880.0,12288.0,0.044416
32.0,2880.0,14336.0,0.049632
32.0,2880.0,16384.0,0.053056
32.0,3072.0,1024.0,0.017952
32.0,3072.0,2048.0,0.017952
32.0,3072.0,2880.0,0.01872
32.0,3072.0,3072.0,0.018944
32.0,3072.0,3584.0,0.019168
32.0,3072.0,4096.0,0.01984
32.0,3072.0,5120.0,0.02352
32.0,3072.0,6144.0,0.02528
32.0,3072.0,7168.0,0.032768
32.0,3072.0,8192.0,0.035232
32.0,3072.0,10240.0,0.039264
32.0,3072.0,12288.0,0.043136
32.0,3072.0,14336.0,0.047456
32.0,3072.0,16384.0,0.051648
32.0,3584.0,1024.0,0.018048
32.0,3584.0,2048.0,0.017888
32.0,3584.0,2880.0,0.018944
32.0,3584.0,3072.0,0.018592
32.0,3584.0,3584.0,0.040115
32.0,3584.0,4096.0,0.019776
32.0,3584.0,5120.0,0.024032
32.0,3584.0,6144.0,0.032544
32.0,3584.0,7168.0,0.035392
32.0,3584.0,8192.0,0.037792
32.0,3584.0,10240.0,0.041984
32.0,3584.0,12288.0,0.047008
32.0,3584.0,14336.0,0.044815
32.0,3584.0,16384.0,0.056384
32.0,3584.0,18944.0,0.044835
32.0,3600.0,2880.0,0.0448449999999999
32.0,4096.0,1024.0,0.017888
32.0,4096.0,2048.0,0.018048
32.0,4096.0,2880.0,0.018592
32.0,4096.0,3072.0,0.019008
32.0,4096.0,3584.0,0.01904
32.0,4096.0,4096.0,0.04512
32.0,4096.0,5120.0,0.025056
32.0,4096.0,6144.0,0.035328
32.0,4096.0,7168.0,0.03776
32.0,4096.0,8192.0,0.040416
32.0,4096.0,10240.0,0.045568
32.0,4096.0,12288.0,0.04507
32.0,4096.0,12800.0,0.04496
32.0,4096.0,14336.0,0.04493
32.0,4096.0,16384.0,0.061376
32.0,4608.0,3584.0,0.06728
32.0,5120.0,1024.0,0.017792
32.0,5120.0,2048.0,0.018144
32.0,5120.0,2880.0,0.019104
32.0,5120.0,3072.0,0.020064
32.0,5120.0,3584.0,0.020384
32.0,5120.0,4096.0,0.025696
32.0,5120.0,5112.0,0.06765
32.0,5120.0,5120.0,0.03152
32.0,5120.0,6144.0,0.034624
32.0,5120.0,7168.0,0.03776
32.0,5120.0,8192.0,0.040864
32.0,5120.0,10240.0,0.047552
32.0,5120.0,12288.0,0.055072
32.0,5120.0,14336.0,0.0616
32.0,5120.0,16384.0,0.06816
32.0,5120.0,17408.0,0.067345
32.0,6144.0,1024.0,0.01792
32.0,6144.0,2048.0,0.019072
32.0,6144.0,2880.0,0.020992
32.0,6144.0,3072.0,0.021472
32.0,6144.0,3584.0,0.028512
32.0,6144.0,4096.0,0.06805
32.0,6144.0,5120.0,0.035936
32.0,6144.0,6144.0,0.039808
32.0,6144.0,7168.0,0.044352
32.0,6144.0,8192.0,0.048704
32.0,6144.0,10240.0,0.057952
32.0,6144.0,12288.0,0.066688
32.0,6144.0,14336.0,0.075712
32.0,6144.0,16384.0,0.08608
32.0,6816.0,5120.0,0.055635
32.0,7168.0,1024.0,0.017856
32.0,7168.0,2048.0,0.018944
32.0,7168.0,2880.0,0.024352
32.0,7168.0,3072.0,0.027904
32.0,7168.0,3584.0,0.055725
32.0,7168.0,4096.0,0.03344
32.0,7168.0,5120.0,0.037536
32.0,7168.0,6144.0,0.042208
32.0,7168.0,7168.0,0.0555049999999999
32.0,7168.0,8192.0,0.051936
32.0,7168.0,10240.0,0.061056
32.0,7168.0,12288.0,0.07072
32.0,7168.0,14336.0,0.080352
32.0,7168.0,16384.0,0.089184
32.0,7168.0,20480.0,0.055665
32.0,8192.0,1024.0,0.018144
32.0,8192.0,2048.0,0.02016
32.0,8192.0,2880.0,0.029856
32.0,8192.0,3072.0,0.030688
32.0,8192.0,3584.0,0.033248
32.0,8192.0,4096.0,0.036032
32.0,8192.0,5120.0,0.04096
32.0,8192.0,6144.0,0.046496
32.0,8192.0,7168.0,0.051744
32.0,8192.0,8192.0,0.10416
32.0,8192.0,10240.0,0.067904
32.0,8192.0,12288.0,0.078592
32.0,8192.0,14336.0,0.089248
32.0,8192.0,16384.0,0.100256
32.0,8192.0,28672.0,0.10414
32.0,8192.0,29568.0,0.10429
32.0,9216.0,7168.0,0.104225
32.0,10240.0,1024.0,0.01856
32.0,10240.0,2048.0,0.025664
32.0,10240.0,2880.0,0.033376
32.0,10240.0,3072.0,0.034656
32.0,10240.0,3584.0,0.038016
32.0,10240.0,4096.0,0.041184
32.0,10240.0,5120.0,0.048064
32.0,10240.0,6144.0,0.054848
32.0,10240.0,7168.0,0.061664
32.0,10240.0,8192.0,0.157055
32.0,10240.0,10240.0,0.081536
32.0,10240.0,12288.0,0.095712
32.0,10240.0,14336.0,0.109344
32.0,10240.0,16384.0,0.122272
32.0,12288.0,1024.0,0.018848
32.0,12288.0,2048.0,0.031008
32.0,12288.0,2880.0,0.037664
32.0,12288.0,3072.0,0.038944
32.0,12288.0,3584.0,0.043136
32.0,12288.0,4096.0,0.1575699999999999
32.0,12288.0,5120.0,0.055136
32.0,12288.0,6144.0,0.063776
32.0,12288.0,7168.0,0.07232
32.0,12288.0,8192.0,0.080512
32.0,12288.0,10240.0,0.09472
32.0,12288.0,12288.0,0.113056
32.0,12288.0,14336.0,0.127392
32.0,12288.0,16384.0,0.1424
32.0,12800.0,4096.0,0.164945
32.0,14336.0,1024.0,0.019808
32.0,14336.0,2048.0,0.033408
32.0,14336.0,2880.0,0.040832
32.0,14336.0,3072.0,0.042496
32.0,14336.0,3584.0,0.1753299999999999
32.0,14336.0,4096.0,0.135505
32.0,14336.0,5120.0,0.06112
32.0,14336.0,6144.0,0.070688
32.0,14336.0,7168.0,0.080128
32.0,14336.0,8192.0,0.089088
32.0,14336.0,10240.0,0.108032
32.0,14336.0,12288.0,0.126784
32.0,14336.0,14336.0,0.145536
32.0,14336.0,16384.0,0.16464
32.0,16384.0,1024.0,0.01968
32.0,16384.0,2048.0,0.035488
32.0,16384.0,2880.0,0.043936
32.0,16384.0,3072.0,0.045856
32.0,16384.0,3584.0,0.051168
32.0,16384.0,4096.0,0.05632
32.0,16384.0,5120.0,0.067232
32.0,16384.0,6144.0,0.077664
32.0,16384.0,7168.0,0.088032
32.0,16384.0,8192.0,0.098752
32.0,16384.0,10240.0,0.119136
32.0,16384.0,12288.0,0.140256
32.0,16384.0,14336.0,0.161632
32.0,16384.0,16384.0,0.182624
32.0,17408.0,5120.0,0.330575
32.0,18944.0,3584.0,0.340865
32.0,20480.0,1024.0,0.026208
32.0,20480.0,2048.0,0.042048
32.0,20480.0,2880.0,0.052864
32.0,20480.0,3072.0,0.055456
32.0,20480.0,3584.0,0.062176
32.0,20480.0,4096.0,0.068992
32.0,20480.0,5120.0,0.08288
32.0,20480.0,6144.0,0.096416
32.0,20480.0,7168.0,0.53659
32.0,20480.0,8192.0,0.123264
32.0,20480.0,10240.0,0.150208
32.0,20480.0,12288.0,0.176736
32.0,20480.0,14336.0,0.203968
32.0,20480.0,16384.0,0.230592
32.0,28672.0,1024.0,0.033632
32.0,28672.0,2048.0,0.05216
32.0,28672.0,2880.0,0.068896
32.0,28672.0,3072.0,0.071264
32.0,28672.0,3584.0,0.079776
32.0,28672.0,4096.0,0.090304
32.0,28672.0,5120.0,0.111136
32.0,28672.0,6144.0,0.128896
32.0,28672.0,7168.0,0.146816
32.0,28672.0,8192.0,0.48195
32.0,28672.0,10240.0,0.200448
32.0,28672.0,12288.0,0.239168
32.0,28672.0,14336.0,0.276128
32.0,28672.0,16384.0,0.314144
32.0,29568.0,8192.0,0.311135
32.0,32000.0,4096.0,0.363615
32.0,32768.0,1024.0,0.036128
32.0,32768.0,2048.0,0.057024
32.0,32768.0,2880.0,0.074848
32.0,32768.0,3072.0,0.078624
32.0,32768.0,3584.0,0.088928
32.0,32768.0,4096.0,0.0992
32.0,32768.0,5120.0,0.11968
32.0,32768.0,6144.0,0.140256
32.0,32768.0,7168.0,0.16192
32.0,32768.0,8192.0,0.182368
32.0,32768.0,10240.0,0.223744
32.0,32768.0,12288.0,0.265888
32.0,32768.0,14336.0,0.3072
32.0,32768.0,16384.0,0.349248
32.0,49155.0,4096.0,0.825345
32.0,64000.0,7168.0,0.8259350000000001
32.0,128256.0,4096.0,0.6771849999999999
32.0,128256.0,8192.0,0.676865
32.0,131072.0,2880.0,0.8451200000000001
32.0,152064.0,3584.0,0.84432
32.0,152064.0,8192.0,0.6084350000000001
32.0,248320.0,4096.0,0.6087
32.0,248320.0,5120.0,0.0115349999999999
32.0,256000.0,3584.0,0.011375
34.0,2880.0,2880.0,0.01587
36.0,2880.0,2880.0,0.01562
64.0,1024.0,1024.0,0.018048
64.0,1024.0,2048.0,0.018208
64.0,1024.0,2880.0,0.0208
64.0,1024.0,3072.0,0.02048
64.0,1024.0,3584.0,0.02064
64.0,1024.0,4096.0,0.020992
64.0,1024.0,5120.0,0.021568
64.0,1024.0,6144.0,0.021536
64.0,1024.0,7168.0,0.021824
64.0,1024.0,8192.0,0.022656
64.0,1024.0,10240.0,0.021664
64.0,1024.0,12288.0,0.02256
64.0,1024.0,14336.0,0.023328
64.0,1024.0,16384.0,0.024576
64.0,2048.0,1024.0,0.01792
64.0,2048.0,2048.0,0.017888
64.0,2048.0,2880.0,0.018944
64.0,2048.0,3072.0,0.018944
64.0,2048.0,3584.0,0.01904
64.0,2048.0,4096.0,0.019616
64.0,2048.0,5120.0,0.021184
64.0,2048.0,6144.0,0.022528
64.0,2048.0,7168.0,0.024032
64.0,2048.0,8192.0,0.02464
64.0,2048.0,10240.0,0.031488
64.0,2048.0,12288.0,0.035904
64.0,2048.0,14336.0,0.038624
64.0,2048.0,16384.0,0.04176
64.0,2880.0,1024.0,0.018208
64.0,2880.0,2048.0,0.018048
64.0,2880.0,2880.0,0.0114749999999999
64.0,2880.0,3072.0,0.019072
64.0,2880.0,3584.0,0.019616
64.0,2880.0,4096.0,0.021184
64.0,2880.0,5120.0,0.021984
64.0,2880.0,6144.0,0.024352
64.0,2880.0,7168.0,0.029856
64.0,2880.0,8192.0,0.036672
64.0,2880.0,10240.0,0.04176
64.0,2880.0,12288.0,0.044736
64.0,2880.0,14336.0,0.046656
64.0,2880.0,16384.0,0.050592
64.0,3072.0,1024.0,0.017952
64.0,3072.0,2048.0,0.018016
64.0,3072.0,2880.0,0.01888
64.0,3072.0,3072.0,0.019136
64.0,3072.0,3584.0,0.01936
64.0,3072.0,4096.0,0.020128
64.0,3072.0,5120.0,0.022048
64.0,3072.0,6144.0,0.02384
64.0,3072.0,7168.0,0.034976
64.0,3072.0,8192.0,0.037536
64.0,3072.0,10240.0,0.040608
64.0,3072.0,12288.0,0.044768
64.0,3072.0,14336.0,0.048832
64.0,3072.0,16384.0,0.052672
64.0,3584.0,1024.0,0.01808
64.0,3584.0,2048.0,0.01792
64.0,3584.0,2880.0,0.018848
64.0,3584.0,3072.0,0.018944
64.0,3584.0,3584.0,0.0115049999999999
64.0,3584.0,4096.0,0.020224
64.0,3584.0,5120.0,0.022048
64.0,3584.0,6144.0,0.02832
64.0,3584.0,7168.0,0.036448
64.0,3584.0,8192.0,0.041024
64.0,3584.0,10240.0,0.04608
64.0,3584.0,12288.0,0.049152
64.0,3584.0,14336.0,0.0114899999999999
64.0,3584.0,16384.0,0.061952
64.0,3584.0,18944.0,0.013585
64.0,3600.0,2880.0,0.013555
64.0,4096.0,1024.0,0.018112
64.0,4096.0,2048.0,0.018144
64.0,4096.0,2880.0,0.019072
64.0,4096.0,3072.0,0.018944
64.0,4096.0,3584.0,0.019168
64.0,4096.0,4096.0,0.0404449999999999
64.0,4096.0,5120.0,0.025856
64.0,4096.0,6144.0,0.031552
64.0,4096.0,7168.0,0.038912
64.0,4096.0,8192.0,0.041536
64.0,4096.0,10240.0,0.047168
64.0,4096.0,12288.0,0.0404
64.0,4096.0,12800.0,0.05173
64.0,4096.0,14336.0,0.032
64.0,4096.0,16384.0,0.066976
64.0,4608.0,3584.0,0.0119049999999999
64.0,5120.0,1024.0,0.018112
64.0,5120.0,2048.0,0.018912
64.0,5120.0,2880.0,0.02
64.0,5120.0,3072.0,0.020256
64.0,5120.0,3584.0,0.021024
64.0,5120.0,4096.0,0.026176
64.0,5120.0,5112.0,0.01712
64.0,5120.0,5120.0,0.031552
64.0,5120.0,6144.0,0.034464
64.0,5120.0,7168.0,0.037952
64.0,5120.0,8192.0,0.04096
64.0,5120.0,10240.0,0.047872
64.0,5120.0,12288.0,0.054464
64.0,5120.0,14336.0,0.06976
64.0,5120.0,16384.0,0.07664
64.0,5120.0,17408.0,0.01704
64.0,6144.0,1024.0,0.018016
64.0,6144.0,2048.0,0.01952
64.0,6144.0,2880.0,0.021472
64.0,6144.0,3072.0,0.021696
64.0,6144.0,3584.0,0.028896
64.0,6144.0,4096.0,0.04067
64.0,6144.0,5120.0,0.036032
64.0,6144.0,6144.0,0.04048
64.0,6144.0,7168.0,0.045408
64.0,6144.0,8192.0,0.049408
64.0,6144.0,10240.0,0.061216
64.0,6144.0,12288.0,0.069536
64.0,6144.0,14336.0,0.077152
64.0,6144.0,16384.0,0.086016
64.0,6816.0,5120.0,0.04038
64.0,7168.0,1024.0,0.018176
64.0,7168.0,2048.0,0.019584
64.0,7168.0,2880.0,0.024576
64.0,7168.0,3072.0,0.028192
64.0,7168.0,3584.0,0.04091
64.0,7168.0,4096.0,0.0336
64.0,7168.0,5120.0,0.03824
64.0,7168.0,6144.0,0.042496
64.0,7168.0,7168.0,0.040865
64.0,7168.0,8192.0,0.051872
64.0,7168.0,10240.0,0.0616
64.0,7168.0,12288.0,0.071008
64.0,7168.0,14336.0,0.088224
64.0,7168.0,16384.0,0.098176
64.0,7168.0,20480.0,0.04496
64.0,8192.0,1024.0,0.018208
64.0,8192.0,2048.0,0.020768
64.0,8192.0,2880.0,0.02944
64.0,8192.0,3072.0,0.030816
64.0,8192.0,3584.0,0.033376
64.0,8192.0,4096.0,0.035872
64.0,8192.0,5120.0,0.04112
64.0,8192.0,6144.0,0.046528
64.0,8192.0,7168.0,0.051872
64.0,8192.0,8192.0,0.04504
64.0,8192.0,10240.0,0.068672
64.0,8192.0,12288.0,0.079328
64.0,8192.0,14336.0,0.089856
64.0,8192.0,16384.0,0.100416
64.0,8192.0,28672.0,0.044915
64.0,8192.0,29568.0,0.04499
64.0,9216.0,7168.0,0.01677
64.0,10240.0,1024.0,0.018368
64.0,10240.0,2048.0,0.026016
64.0,10240.0,2880.0,0.03408
64.0,10240.0,3072.0,0.035328
64.0,10240.0,3584.0,0.038752
64.0,10240.0,4096.0,0.041888
64.0,10240.0,5120.0,0.049248
64.0,10240.0,6144.0,0.056384
64.0,10240.0,7168.0,0.062304
64.0,10240.0,8192.0,0.0168449999999999
64.0,10240.0,10240.0,0.083616
64.0,10240.0,12288.0,0.096608
64.0,10240.0,14336.0,0.11104
64.0,10240.0,16384.0,0.124512
64.0,12288.0,1024.0,0.019328
64.0,12288.0,2048.0,0.031104
64.0,12288.0,2880.0,0.037024
64.0,12288.0,3072.0,0.038688
64.0,12288.0,3584.0,0.042336
64.0,12288.0,4096.0,0.02464
64.0,12288.0,5120.0,0.054432
64.0,12288.0,6144.0,0.062592
64.0,12288.0,7168.0,0.070624
64.0,12288.0,8192.0,0.078176
64.0,12288.0,10240.0,0.0944
64.0,12288.0,12288.0,0.1104
64.0,12288.0,14336.0,0.126304
64.0,12288.0,16384.0,0.142048
64.0,12800.0,4096.0,0.0652
64.0,14336.0,1024.0,0.019168
64.0,14336.0,2048.0,0.033792
64.0,14336.0,2880.0,0.041216
64.0,14336.0,3072.0,0.042784
64.0,14336.0,3584.0,0.0239199999999999
64.0,14336.0,4096.0,0.02674
64.0,14336.0,5120.0,0.061888
64.0,14336.0,6144.0,0.07152
64.0,14336.0,7168.0,0.080992
64.0,14336.0,8192.0,0.089856
64.0,14336.0,10240.0,0.108416
64.0,14336.0,12288.0,0.127392
64.0,14336.0,14336.0,0.145952
64.0,14336.0,16384.0,0.16544
64.0,16384.0,1024.0,0.020512
64.0,16384.0,2048.0,0.036288
64.0,16384.0,2880.0,0.044608
64.0,16384.0,3072.0,0.046528
64.0,16384.0,3584.0,0.052192
64.0,16384.0,4096.0,0.057056
64.0,16384.0,5120.0,0.06816
64.0,16384.0,6144.0,0.078912
64.0,16384.0,7168.0,0.088992
64.0,16384.0,8192.0,0.09952
64.0,16384.0,10240.0,0.120448
64.0,16384.0,12288.0,0.141792
64.0,16384.0,14336.0,0.162656
64.0,16384.0,16384.0,0.184192
64.0,17408.0,5120.0,0.0408149999999999
64.0,18944.0,3584.0,0.102755
64.0,20480.0,1024.0,0.027648
64.0,20480.0,2048.0,0.041696
64.0,20480.0,2880.0,0.052256
64.0,20480.0,3072.0,0.055072
64.0,20480.0,3584.0,0.061696
64.0,20480.0,4096.0,0.068224
64.0,20480.0,5120.0,0.080896
64.0,20480.0,6144.0,0.097632
64.0,20480.0,7168.0,0.049425
64.0,20480.0,8192.0,0.128928
64.0,20480.0,10240.0,0.156576
64.0,20480.0,12288.0,0.184608
64.0,20480.0,14336.0,0.212256
64.0,20480.0,16384.0,0.240256
64.0,28672.0,1024.0,0.03488
64.0,28672.0,2048.0,0.053088
64.0,28672.0,2880.0,0.06832
64.0,28672.0,3072.0,0.071712
64.0,28672.0,3584.0,0.08016
64.0,28672.0,4096.0,0.090592
64.0,28672.0,5120.0,0.10864
64.0,28672.0,6144.0,0.128832
64.0,28672.0,7168.0,0.149024
64.0,28672.0,8192.0,0.1580949999999999
64.0,28672.0,10240.0,0.205856
64.0,28672.0,12288.0,0.24256
64.0,28672.0,14336.0,0.280608
64.0,28672.0,16384.0,0.319648
64.0,29568.0,8192.0,0.16571
64.0,32000.0,4096.0,0.0505
64.0,32768.0,1024.0,0.037952
64.0,32768.0,2048.0,0.058912
64.0,32768.0,2880.0,0.075936
64.0,32768.0,3072.0,0.080032
64.0,32768.0,3584.0,0.090464
64.0,32768.0,4096.0,0.100864
64.0,32768.0,5120.0,0.121504
64.0,32768.0,6144.0,0.1424
64.0,32768.0,7168.0,0.16336
64.0,32768.0,8192.0,0.185088
64.0,32768.0,10240.0,0.22608
64.0,32768.0,12288.0,0.268448
64.0,32768.0,14336.0,0.3104
64.0,32768.0,16384.0,0.351872
64.0,49155.0,4096.0,0.0502849999999999
64.0,64000.0,7168.0,0.06189
64.0,128256.0,4096.0,0.06147
64.0,128256.0,8192.0,0.03933
64.0,131072.0,2880.0,0.039185
64.0,152064.0,3584.0,0.0392999999999999
64.0,152064.0,8192.0,0.0398399999999999
64.0,248320.0,4096.0,0.0408299999999999
64.0,248320.0,5120.0,0.0408149999999999
64.0,256000.0,3584.0,0.040815
128.0,32.0,2880.0,0.0069099999999999
128.0,360.0,2880.0,0.0081
128.0,1024.0,1024.0,0.01792
128.0,1024.0,2048.0,0.018048
128.0,1024.0,2880.0,0.018752
128.0,1024.0,3072.0,0.01904
128.0,1024.0,3584.0,0.0192
128.0,1024.0,4096.0,0.01066
128.0,1024.0,5120.0,0.020832
128.0,1024.0,6144.0,0.022624
128.0,1024.0,7168.0,0.024224
128.0,1024.0,8192.0,0.022848
128.0,1024.0,10240.0,0.025024
128.0,1024.0,12288.0,0.025952
128.0,1024.0,14336.0,0.027424
128.0,1024.0,16384.0,0.029056
128.0,1792.0,3584.0,0.01312
128.0,2048.0,1024.0,0.01808
128.0,2048.0,2048.0,0.017792
128.0,2048.0,2880.0,0.01888
128.0,2048.0,3072.0,0.018944
128.0,2048.0,3584.0,0.019616
128.0,2048.0,4096.0,0.02016
128.0,2048.0,5120.0,0.022432
128.0,2048.0,6144.0,0.02368
128.0,2048.0,7168.0,0.028128
128.0,2048.0,8192.0,0.029536
128.0,2048.0,10240.0,0.033856
128.0,2048.0,12288.0,0.037376
128.0,2048.0,14336.0,0.041408
128.0,2048.0,16384.0,0.045088
128.0,2880.0,1024.0,0.018432
128.0,2880.0,2048.0,0.018944
128.0,2880.0,2880.0,0.0396349999999999
128.0,2880.0,3072.0,0.019584
128.0,2880.0,3584.0,0.02048
128.0,2880.0,4096.0,0.021312
128.0,2880.0,5120.0,0.023296
128.0,2880.0,6144.0,0.025184
128.0,2880.0,7168.0,0.028224
128.0,2880.0,8192.0,0.031424
128.0,2880.0,10240.0,0.035264
128.0,2880.0,12288.0,0.045024
128.0,2880.0,14336.0,0.04896
128.0,2880.0,16384.0,0.053152
128.0,3072.0,1024.0,0.017824
128.0,3072.0,2048.0,0.018144
128.0,3072.0,2880.0,0.01904
128.0,3072.0,3072.0,0.019296
128.0,3072.0,3584.0,0.020224
128.0,3072.0,4096.0,0.020928
128.0,3072.0,5120.0,0.022912
128.0,3072.0,6144.0,0.02544
128.0,3072.0,7168.0,0.029568
128.0,3072.0,8192.0,0.03216
128.0,3072.0,10240.0,0.042752
128.0,3072.0,12288.0,0.046976
128.0,3072.0,14336.0,0.0512
128.0,3072.0,16384.0,0.056224
128.0,3584.0,1024.0,0.018144
128.0,3584.0,2048.0,0.018688
128.0,3584.0,2880.0,0.019392
128.0,3584.0,3072.0,0.019584
128.0,3584.0,3584.0,0.01642
128.0,3584.0,4096.0,0.021312
128.0,3584.0,5120.0,0.023872
128.0,3584.0,6144.0,0.02928
128.0,3584.0,7168.0,0.031936
128.0,3584.0,8192.0,0.034272
128.0,3584.0,10240.0,0.038592
128.0,3584.0,12288.0,0.052096
128.0,3584.0,14336.0,0.04448
128.0,3584.0,16384.0,0.065664
128.0,3584.0,18944.0,0.04466
128.0,3600.0,2880.0,0.0195049999999999
128.0,4096.0,1024.0,0.01824
128.0,4096.0,2048.0,0.019744
128.0,4096.0,2880.0,0.021888
128.0,4096.0,3072.0,0.02256
128.0,4096.0,3584.0,0.02384
128.0,4096.0,4096.0,0.01821
128.0,4096.0,5120.0,0.029536
128.0,4096.0,6144.0,0.032032
128.0,4096.0,7168.0,0.034848
128.0,4096.0,8192.0,0.037568
128.0,4096.0,10240.0,0.043616
128.0,4096.0,12288.0,0.04517
128.0,4096.0,12800.0,0.04522
128.0,4096.0,14336.0,0.044735
128.0,4096.0,16384.0,0.070944
128.0,4608.0,3584.0,0.06797
128.0,5120.0,1024.0,0.018624
128.0,5120.0,2048.0,0.019648
128.0,5120.0,2880.0,0.021664
128.0,5120.0,3072.0,0.022176
128.0,5120.0,3584.0,0.023744
128.0,5120.0,4096.0,0.028128
128.0,5120.0,5112.0,0.06781
128.0,5120.0,5120.0,0.033472
128.0,5120.0,6144.0,0.036032
128.0,5120.0,7168.0,0.040448
128.0,5120.0,8192.0,0.042464
128.0,5120.0,10240.0,0.04944
128.0,5120.0,12288.0,0.055968
128.0,5120.0,14336.0,0.075008
128.0,5120.0,16384.0,0.081632
128.0,5120.0,17408.0,0.067715
128.0,6144.0,1024.0,0.018368
128.0,6144.0,2048.0,0.019616
128.0,6144.0,2880.0,0.02208
128.0,6144.0,3072.0,0.023168
128.0,6144.0,3584.0,0.02944
128.0,6144.0,4096.0,0.0675
128.0,6144.0,5120.0,0.035552
128.0,6144.0,6144.0,0.039776
128.0,6144.0,7168.0,0.043936
128.0,6144.0,8192.0,0.048096
128.0,6144.0,10240.0,0.056672
128.0,6144.0,12288.0,0.065248
128.0,6144.0,14336.0,0.081664
128.0,6144.0,16384.0,0.089952
128.0,6816.0,5120.0,0.055935
128.0,7168.0,1024.0,0.018144
128.0,7168.0,2048.0,0.019872
128.0,7168.0,2880.0,0.026752
128.0,7168.0,3072.0,0.029344
128.0,7168.0,3584.0,0.055825
128.0,7168.0,4096.0,0.034048
128.0,7168.0,5120.0,0.038784
128.0,7168.0,6144.0,0.042752
128.0,7168.0,7168.0,0.0552799999999999
128.0,7168.0,8192.0,0.05264
128.0,7168.0,10240.0,0.061952
128.0,7168.0,12288.0,0.07136
128.0,7168.0,14336.0,0.080608
128.0,7168.0,16384.0,0.089568
128.0,7168.0,20480.0,0.05581
128.0,8192.0,1024.0,0.01824
128.0,8192.0,2048.0,0.020704
128.0,8192.0,2880.0,0.030944
128.0,8192.0,3072.0,0.031872
128.0,8192.0,3584.0,0.034752
128.0,8192.0,4096.0,0.037024
128.0,8192.0,5120.0,0.042112
128.0,8192.0,6144.0,0.047488
128.0,8192.0,7168.0,0.05296
128.0,8192.0,8192.0,0.104525
128.0,8192.0,10240.0,0.070688
128.0,8192.0,12288.0,0.08128
128.0,8192.0,14336.0,0.090784
128.0,8192.0,16384.0,0.1144
128.0,8192.0,28672.0,0.1043999999999999
128.0,8192.0,29568.0,0.104445
128.0,9216.0,7168.0,0.10414
128.0,10240.0,1024.0,0.019136
128.0,10240.0,2048.0,0.028768
128.0,10240.0,2880.0,0.035136
128.0,10240.0,3072.0,0.036
128.0,10240.0,3584.0,0.03952
128.0,10240.0,4096.0,0.04288
128.0,10240.0,5120.0,0.050112
128.0,10240.0,6144.0,0.055872
128.0,10240.0,7168.0,0.062816
128.0,10240.0,8192.0,0.158225
128.0,10240.0,10240.0,0.083616
128.0,10240.0,12288.0,0.096224
128.0,10240.0,14336.0,0.109504
128.0,10240.0,16384.0,0.122976
128.0,12288.0,1024.0,0.02016
128.0,12288.0,2048.0,0.031904
128.0,12288.0,2880.0,0.038368
128.0,12288.0,3072.0,0.03984
128.0,12288.0,3584.0,0.043904
128.0,12288.0,4096.0,0.158355
128.0,12288.0,5120.0,0.056256
128.0,12288.0,6144.0,0.064
128.0,12288.0,7168.0,0.072288
128.0,12288.0,8192.0,0.080576
128.0,12288.0,10240.0,0.09632
128.0,12288.0,12288.0,0.112672
128.0,12288.0,14336.0,0.1288
128.0,12288.0,16384.0,0.14496
128.0,12800.0,4096.0,0.04272
128.0,14336.0,1024.0,0.01984
128.0,14336.0,2048.0,0.035328
128.0,14336.0,2880.0,0.043104
128.0,14336.0,3072.0,0.044896
128.0,14336.0,3584.0,0.04202
128.0,14336.0,4096.0,0.0976299999999999
128.0,14336.0,5120.0,0.064256
128.0,14336.0,6144.0,0.07376
128.0,14336.0,7168.0,0.082496
128.0,14336.0,8192.0,0.092416
128.0,14336.0,10240.0,0.111296
128.0,14336.0,12288.0,0.12992
128.0,14336.0,14336.0,0.148928
128.0,14336.0,16384.0,0.16816
128.0,16384.0,1024.0,0.022176
128.0,16384.0,2048.0,0.037824
128.0,16384.0,2880.0,0.046368
128.0,16384.0,3072.0,0.048448
128.0,16384.0,3584.0,0.054016
128.0,16384.0,4096.0,0.059072
128.0,16384.0,5120.0,0.069984
128.0,16384.0,6144.0,0.081056
128.0,16384.0,7168.0,0.091232
128.0,16384.0,8192.0,0.101568
128.0,16384.0,10240.0,0.123616
128.0,16384.0,12288.0,0.144128
128.0,16384.0,14336.0,0.166336
128.0,16384.0,16384.0,0.186496
128.0,17408.0,5120.0,0.40131
128.0,18944.0,3584.0,0.356735
128.0,20480.0,1024.0,0.030304
128.0,20480.0,2048.0,0.043712
128.0,20480.0,2880.0,0.054848
128.0,20480.0,3072.0,0.056928
128.0,20480.0,3584.0,0.06384
128.0,20480.0,4096.0,0.070304
128.0,20480.0,5120.0,0.08352
128.0,20480.0,6144.0,0.096608
128.0,20480.0,7168.0,0.697215
128.0,20480.0,8192.0,0.123136
128.0,20480.0,10240.0,0.149792
128.0,20480.0,12288.0,0.17568
128.0,20480.0,14336.0,0.202752
128.0,20480.0,16384.0,0.229344
128.0,28672.0,1024.0,0.043776
128.0,28672.0,2048.0,0.074624
128.0,28672.0,2880.0,0.098912
128.0,28672.0,3072.0,0.104
128.0,28672.0,3584.0,0.085312
128.0,28672.0,4096.0,0.095136
128.0,28672.0,5120.0,0.115072
128.0,28672.0,6144.0,0.133184
128.0,28672.0,7168.0,0.15232
128.0,28672.0,8192.0,0.2607849999999999
128.0,28672.0,10240.0,0.209024
128.0,28672.0,12288.0,0.246176
128.0,28672.0,14336.0,0.28304
128.0,28672.0,16384.0,0.32144
128.0,29568.0,8192.0,0.3640799999999999
128.0,32000.0,4096.0,0.3651199999999999
128.0,32768.0,1024.0,0.040032
128.0,32768.0,2048.0,0.061696
128.0,32768.0,2880.0,0.078752
128.0,32768.0,3072.0,0.082496
128.0,32768.0,3584.0,0.093376
128.0,32768.0,4096.0,0.104224
128.0,32768.0,5120.0,0.125344
128.0,32768.0,6144.0,0.146624
128.0,32768.0,7168.0,0.167488
128.0,32768.0,8192.0,0.188928
128.0,32768.0,10240.0,0.230368
128.0,32768.0,12288.0,0.272512
128.0,32768.0,14336.0,0.31536
128.0,32768.0,16384.0,0.356896
128.0,49155.0,4096.0,0.82733
128.0,64000.0,7168.0,0.827745
128.0,128256.0,4096.0,0.679665
128.0,128256.0,8192.0,0.67883
128.0,131072.0,2880.0,0.404435
128.0,152064.0,3584.0,0.8487199999999999
128.0,152064.0,8192.0,0.611235
128.0,248320.0,4096.0,0.6112
128.0,248320.0,5120.0,0.0115649999999999
128.0,256000.0,3584.0,0.011535
256.0,1024.0,1024.0,0.01808
256.0,1024.0,2048.0,0.017984
256.0,1024.0,2880.0,0.019008
256.0,1024.0,3072.0,0.019232
256.0,1024.0,3584.0,0.019744
256.0,1024.0,4096.0,0.020384
256.0,1024.0,5120.0,0.0224
256.0,1024.0,6144.0,0.023776
256.0,1024.0,7168.0,0.025088
256.0,1024.0,8192.0,0.025728
256.0,1024.0,10240.0,0.029536
256.0,1024.0,12288.0,0.032832
256.0,1024.0,14336.0,0.037536
256.0,1024.0,16384.0,0.03984
256.0,2048.0,1024.0,0.01808
256.0,2048.0,2048.0,0.01888
256.0,2048.0,2880.0,0.020608
256.0,2048.0,3072.0,0.02096
256.0,2048.0,3584.0,0.02224
256.0,2048.0,4096.0,0.02304
256.0,2048.0,5120.0,0.026848
256.0,2048.0,6144.0,0.028096
256.0,2048.0,7168.0,0.031232
256.0,2048.0,8192.0,0.032512
256.0,2048.0,10240.0,0.039584
256.0,2048.0,12288.0,0.045056
256.0,2048.0,14336.0,0.04848
256.0,2048.0,16384.0,0.052384
256.0,2880.0,1024.0,0.018336
256.0,2880.0,2048.0,0.019072
256.0,2880.0,2880.0,0.0115649999999999
256.0,2880.0,3072.0,0.02064
256.0,2880.0,3584.0,0.021696
256.0,2880.0,4096.0,0.022528
256.0,2880.0,5120.0,0.02512
256.0,2880.0,6144.0,0.028768
256.0,2880.0,7168.0,0.03344
256.0,2880.0,8192.0,0.036384
256.0,2880.0,10240.0,0.040736
256.0,2880.0,12288.0,0.04576
256.0,2880.0,14336.0,0.050976
256.0,2880.0,16384.0,0.060128
256.0,3072.0,1024.0,0.018176
256.0,3072.0,2048.0,0.020704
256.0,3072.0,2880.0,0.023712
256.0,3072.0,3072.0,0.023648
256.0,3072.0,3584.0,0.025952
256.0,3072.0,4096.0,0.027584
256.0,3072.0,5120.0,0.032192
256.0,3072.0,6144.0,0.034976
256.0,3072.0,7168.0,0.038272
256.0,3072.0,8192.0,0.03968
256.0,3072.0,10240.0,0.049344
256.0,3072.0,12288.0,0.057024
256.0,3072.0,14336.0,0.060064
256.0,3072.0,16384.0,0.065536
256.0,3584.0,1024.0,0.018272
256.0,3584.0,2048.0,0.01952
256.0,3584.0,2880.0,0.021696
256.0,3584.0,3072.0,0.022016
256.0,3584.0,3584.0,0.0114749999999999
256.0,3584.0,4096.0,0.024992
256.0,3584.0,5120.0,0.028736
256.0,3584.0,6144.0,0.033408
256.0,3584.0,7168.0,0.036
256.0,3584.0,8192.0,0.038336
256.0,3584.0,10240.0,0.044224
256.0,3584.0,12288.0,0.049856
256.0,3584.0,14336.0,0.011585
256.0,3584.0,16384.0,0.068448
256.0,3584.0,18944.0,0.013555
256.0,3600.0,2880.0,0.01354
256.0,4096.0,1024.0,0.018144
256.0,4096.0,2048.0,0.021632
256.0,4096.0,2880.0,0.023744
256.0,4096.0,3072.0,0.024704
256.0,4096.0,3584.0,0.026176
256.0,4096.0,4096.0,0.0401799999999999
256.0,4096.0,5120.0,0.034528
256.0,4096.0,6144.0,0.037696
256.0,4096.0,7168.0,0.041792
256.0,4096.0,8192.0,0.045184
256.0,4096.0,10240.0,0.05472
256.0,4096.0,12288.0,0.0401599999999999
256.0,4096.0,12800.0,0.051185
256.0,4096.0,14336.0,0.012655
256.0,4096.0,16384.0,0.072928
256.0,4608.0,3584.0,0.0124
256.0,5120.0,1024.0,0.018944
256.0,5120.0,2048.0,0.023104
256.0,5120.0,2880.0,0.027424
256.0,5120.0,3072.0,0.028256
256.0,5120.0,3584.0,0.031808
256.0,5120.0,4096.0,0.03392
256.0,5120.0,5112.0,0.016895
256.0,5120.0,5120.0,0.039296
256.0,5120.0,6144.0,0.0408
256.0,5120.0,7168.0,0.044864
256.0,5120.0,8192.0,0.048416
256.0,5120.0,10240.0,0.056416
256.0,5120.0,12288.0,0.064576
256.0,5120.0,14336.0,0.072608
256.0,5120.0,16384.0,0.08112
256.0,5120.0,17408.0,0.0170249999999999
256.0,6144.0,1024.0,0.019744
256.0,6144.0,2048.0,0.024736
256.0,6144.0,2880.0,0.029792
256.0,6144.0,3072.0,0.030688
256.0,6144.0,3584.0,0.033056
256.0,6144.0,4096.0,0.04061
256.0,6144.0,5120.0,0.041888
256.0,6144.0,6144.0,0.046368
256.0,6144.0,7168.0,0.05136
256.0,6144.0,8192.0,0.055744
256.0,6144.0,10240.0,0.070848
256.0,6144.0,12288.0,0.079552
256.0,6144.0,14336.0,0.090144
256.0,6144.0,16384.0,0.099904
256.0,6816.0,5120.0,0.0408199999999999
256.0,7168.0,1024.0,0.02016
256.0,7168.0,2048.0,0.025984
256.0,7168.0,2880.0,0.0336
256.0,7168.0,3072.0,0.03424
256.0,7168.0,3584.0,0.04112
256.0,7168.0,4096.0,0.0408
256.0,7168.0,5120.0,0.046912
256.0,7168.0,6144.0,0.047328
256.0,7168.0,7168.0,0.041215
256.0,7168.0,8192.0,0.05664
256.0,7168.0,10240.0,0.067584
256.0,7168.0,12288.0,0.078816
256.0,7168.0,14336.0,0.09136
256.0,7168.0,16384.0,0.103264
256.0,7168.0,20480.0,0.045155
256.0,8192.0,1024.0,0.020288
256.0,8192.0,2048.0,0.025984
256.0,8192.0,2880.0,0.032896
256.0,8192.0,3072.0,0.0344
256.0,8192.0,3584.0,0.036928
256.0,8192.0,4096.0,0.039456
256.0,8192.0,5120.0,0.045504
256.0,8192.0,6144.0,0.051104
256.0,8192.0,7168.0,0.056512
256.0,8192.0,8192.0,0.045555
256.0,8192.0,10240.0,0.081984
256.0,8192.0,12288.0,0.088352
256.0,8192.0,14336.0,0.100608
256.0,8192.0,16384.0,0.11232
256.0,8192.0,28672.0,0.045295
256.0,8192.0,29568.0,0.0452
256.0,9216.0,7168.0,0.0169
256.0,10240.0,1024.0,0.021824
256.0,10240.0,2048.0,0.03376
256.0,10240.0,2880.0,0.04
256.0,10240.0,3072.0,0.041568
256.0,10240.0,3584.0,0.046464
256.0,10240.0,4096.0,0.05104
256.0,10240.0,5120.0,0.059968
256.0,10240.0,6144.0,0.0672
256.0,10240.0,7168.0,0.078368
256.0,10240.0,8192.0,0.01693
256.0,10240.0,10240.0,0.1048
256.0,10240.0,12288.0,0.117344
256.0,10240.0,14336.0,0.13856
256.0,10240.0,16384.0,0.155264
256.0,12288.0,1024.0,0.023168
256.0,12288.0,2048.0,0.03424
256.0,12288.0,2880.0,0.041216
256.0,12288.0,3072.0,0.0432
256.0,12288.0,3584.0,0.046624
256.0,12288.0,4096.0,0.0249749999999999
256.0,12288.0,5120.0,0.059136
256.0,12288.0,6144.0,0.06736
256.0,12288.0,7168.0,0.076256
256.0,12288.0,8192.0,0.085824
256.0,12288.0,10240.0,0.104992
256.0,12288.0,12288.0,0.123168
256.0,12288.0,14336.0,0.14
256.0,12288.0,16384.0,0.157248
256.0,12800.0,4096.0,0.065695
256.0,14336.0,1024.0,0.037536
256.0,14336.0,2048.0,0.040288
256.0,14336.0,2880.0,0.048576
256.0,14336.0,3072.0,0.050368
256.0,14336.0,3584.0,0.0240599999999999
256.0,14336.0,4096.0,0.0272
256.0,14336.0,5120.0,0.070528
256.0,14336.0,6144.0,0.081984
256.0,14336.0,7168.0,0.0944
256.0,14336.0,8192.0,0.10624
256.0,14336.0,10240.0,0.12848
256.0,14336.0,12288.0,0.149632
256.0,14336.0,14336.0,0.169888
256.0,14336.0,16384.0,0.19056
256.0,16384.0,1024.0,0.028128
256.0,16384.0,2048.0,0.042176
256.0,16384.0,2880.0,0.050784
256.0,16384.0,3072.0,0.052576
256.0,16384.0,3584.0,0.05776
256.0,16384.0,4096.0,0.063264
256.0,16384.0,5120.0,0.075008
256.0,16384.0,6144.0,0.086112
256.0,16384.0,7168.0,0.098816
256.0,16384.0,8192.0,0.110656
256.0,16384.0,10240.0,0.133408
256.0,16384.0,12288.0,0.155744
256.0,16384.0,14336.0,0.180224
256.0,16384.0,16384.0,0.20256
256.0,17408.0,5120.0,0.0402099999999999
256.0,18944.0,3584.0,0.1033449999999999
256.0,20480.0,1024.0,0.035616
256.0,20480.0,2048.0,0.051776
256.0,20480.0,2880.0,0.064704
256.0,20480.0,3072.0,0.066208
256.0,20480.0,3584.0,0.072704
256.0,20480.0,4096.0,0.07888
256.0,20480.0,5120.0,0.096352
256.0,20480.0,6144.0,0.1096
256.0,20480.0,7168.0,0.04954
256.0,20480.0,8192.0,0.14048
256.0,20480.0,10240.0,0.167296
256.0,20480.0,12288.0,0.195008
256.0,20480.0,14336.0,0.22528
256.0,20480.0,16384.0,0.253664
256.0,28672.0,1024.0,0.04464
256.0,28672.0,2048.0,0.067328
256.0,28672.0,2880.0,0.08816
256.0,28672.0,3072.0,0.092832
256.0,28672.0,3584.0,0.105056
256.0,28672.0,4096.0,0.113824
256.0,28672.0,5120.0,0.13744
256.0,28672.0,6144.0,0.15872
256.0,28672.0,7168.0,0.180736
256.0,28672.0,8192.0,0.15824
256.0,28672.0,10240.0,0.242624
256.0,28672.0,12288.0,0.284992
256.0,28672.0,14336.0,0.331808
256.0,28672.0,16384.0,0.375648
256.0,29568.0,8192.0,0.16483
256.0,32000.0,4096.0,0.0499349999999999
256.0,32768.0,1024.0,0.044256
256.0,32768.0,2048.0,0.06912
256.0,32768.0,2880.0,0.088384
256.0,32768.0,3072.0,0.09312
256.0,32768.0,3584.0,0.1048
256.0,32768.0,4096.0,0.11616
256.0,32768.0,5120.0,0.141792
256.0,32768.0,6144.0,0.164928
256.0,32768.0,7168.0,0.188416
256.0,32768.0,8192.0,0.21856
256.0,32768.0,10240.0,0.2656
256.0,32768.0,12288.0,0.311584
256.0,32768.0,14336.0,0.36928
256.0,32768.0,16384.0,0.41568
256.0,49155.0,4096.0,0.05067
256.0,64000.0,7168.0,0.06197
256.0,128256.0,4096.0,0.06128
256.0,128256.0,8192.0,0.03963
256.0,131072.0,2880.0,0.0394049999999999
256.0,152064.0,3584.0,0.0395849999999999
256.0,152064.0,8192.0,0.039455
256.0,248320.0,4096.0,0.0408349999999999
256.0,248320.0,5120.0,0.04099
256.0,256000.0,3584.0,0.041025
384.0,1024.0,1024.0,0.018112
384.0,1024.0,2048.0,0.019168
384.0,1024.0,2880.0,0.021152
384.0,1024.0,3072.0,0.021472
384.0,1024.0,3584.0,0.022112
384.0,1024.0,4096.0,0.022336
384.0,1024.0,5120.0,0.024096
384.0,1024.0,6144.0,0.026048
384.0,1024.0,7168.0,0.027872
384.0,1024.0,8192.0,0.029824
384.0,1024.0,10240.0,0.039328
384.0,1024.0,12288.0,0.042976
384.0,1024.0,14336.0,0.047008
384.0,1024.0,16384.0,0.044064
384.0,2048.0,1024.0,0.018368
384.0,2048.0,2048.0,0.019968
384.0,2048.0,2880.0,0.022464
384.0,2048.0,3072.0,0.023488
384.0,2048.0,3584.0,0.024416
384.0,2048.0,4096.0,0.025376
384.0,2048.0,5120.0,0.029184
384.0,2048.0,6144.0,0.03888
384.0,2048.0,7168.0,0.043424
384.0,2048.0,8192.0,0.047776
384.0,2048.0,10240.0,0.05584
384.0,2048.0,12288.0,0.067008
384.0,2048.0,14336.0,0.05968
384.0,2048.0,16384.0,0.066208
384.0,2880.0,1024.0,0.019552
384.0,2880.0,2048.0,0.024608
384.0,2880.0,2880.0,0.027872
384.0,2880.0,3072.0,0.028672
384.0,2880.0,3584.0,0.030976
384.0,2880.0,4096.0,0.033184
384.0,2880.0,5120.0,0.03872
384.0,2880.0,6144.0,0.042336
384.0,2880.0,7168.0,0.046976
384.0,2880.0,8192.0,0.052
384.0,2880.0,10240.0,0.061984
384.0,2880.0,12288.0,0.07888
384.0,2880.0,14336.0,0.091776
384.0,2880.0,16384.0,0.10304
384.0,3072.0,1024.0,0.01936
384.0,3072.0,2048.0,0.024064
384.0,3072.0,2880.0,0.027776
384.0,3072.0,3072.0,0.028544
384.0,3072.0,3584.0,0.031008
384.0,3072.0,4096.0,0.03328
384.0,3072.0,5120.0,0.037504
384.0,3072.0,6144.0,0.042752
384.0,3072.0,7168.0,0.047264
384.0,3072.0,8192.0,0.051008
384.0,3072.0,10240.0,0.062912
384.0,3072.0,12288.0,0.07248
384.0,3072.0,14336.0,0.083136
384.0,3072.0,16384.0,0.091968
384.0,3584.0,1024.0,0.019552
384.0,3584.0,2048.0,0.024192
384.0,3584.0,2880.0,0.028256
384.0,3584.0,3072.0,0.030432
384.0,3584.0,3584.0,0.032384
384.0,3584.0,4096.0,0.033248
384.0,3584.0,5120.0,0.038144
384.0,3584.0,6144.0,0.044992
384.0,3584.0,7168.0,0.047872
384.0,3584.0,8192.0,0.05552
384.0,3584.0,10240.0,0.06384
384.0,3584.0,12288.0,0.076672
384.0,3584.0,14336.0,0.088768
384.0,3584.0,16384.0,0.092992
384.0,4096.0,1024.0,0.019104
384.0,4096.0,2048.0,0.022304
384.0,4096.0,2880.0,0.026272
384.0,4096.0,3072.0,0.026944
384.0,4096.0,3584.0,0.028448
384.0,4096.0,4096.0,0.03136
384.0,4096.0,5120.0,0.034624
384.0,4096.0,6144.0,0.051904
384.0,4096.0,7168.0,0.060768
384.0,4096.0,8192.0,0.068096
384.0,4096.0,10240.0,0.080384
384.0,4096.0,12288.0,0.094336
384.0,4096.0,14336.0,0.106016
384.0,4096.0,16384.0,0.119872
384.0,5120.0,1024.0,0.019968
384.0,5120.0,2048.0,0.02496
384.0,5120.0,2880.0,0.03008
384.0,5120.0,3072.0,0.030944
384.0,5120.0,3584.0,0.033792
384.0,5120.0,4096.0,0.036416
384.0,5120.0,5120.0,0.040832
384.0,5120.0,6144.0,0.045504
384.0,5120.0,7168.0,0.050432
384.0,5120.0,8192.0,0.055712
384.0,5120.0,10240.0,0.066208
384.0,5120.0,12288.0,0.078368
384.0,5120.0,14336.0,0.09104
384.0,5120.0,16384.0,0.103712
384.0,6144.0,1024.0,0.020672
384.0,6144.0,2048.0,0.026976
384.0,6144.0,2880.0,0.032896
384.0,6144.0,3072.0,0.033632
384.0,6144.0,3584.0,0.036544
384.0,6144.0,4096.0,0.039104
384.0,6144.0,5120.0,0.045376
384.0,6144.0,6144.0,0.061472
384.0,6144.0,7168.0,0.06848
384.0,6144.0,8192.0,0.072192
384.0,6144.0,10240.0,0.092512
384.0,6144.0,12288.0,0.11344
384.0,6144.0,14336.0,0.126432
384.0,6144.0,16384.0,0.140128
384.0,7168.0,1024.0,0.024224
384.0,7168.0,2048.0,0.031232
384.0,7168.0,2880.0,0.037856
384.0,7168.0,3072.0,0.038816
384.0,7168.0,3584.0,0.04288
384.0,7168.0,4096.0,0.046112
384.0,7168.0,5120.0,0.053472
384.0,7168.0,6144.0,0.061184
384.0,7168.0,7168.0,0.069984
384.0,7168.0,8192.0,0.079136
384.0,7168.0,10240.0,0.098496
384.0,7168.0,12288.0,0.11568
384.0,7168.0,14336.0,0.131424
384.0,7168.0,16384.0,0.147648
384.0,8192.0,1024.0,0.023328
384.0,8192.0,2048.0,0.03136
384.0,8192.0,2880.0,0.03824
384.0,8192.0,3072.0,0.039488
384.0,8192.0,3584.0,0.043424
384.0,8192.0,4096.0,0.046976
384.0,8192.0,5120.0,0.054752
384.0,8192.0,6144.0,0.062592
384.0,8192.0,7168.0,0.071136
384.0,8192.0,8192.0,0.080736
384.0,8192.0,10240.0,0.100448
384.0,8192.0,12288.0,0.118048
384.0,8192.0,14336.0,0.134912
384.0,8192.0,16384.0,0.151392
384.0,10240.0,1024.0,0.02816
384.0,10240.0,2048.0,0.040448
384.0,10240.0,2880.0,0.049312
384.0,10240.0,3072.0,0.051296
384.0,10240.0,3584.0,0.056608
384.0,10240.0,4096.0,0.062176
384.0,10240.0,5120.0,0.071296
384.0,10240.0,6144.0,0.082784
384.0,10240.0,7168.0,0.096224
384.0,10240.0,8192.0,0.108416
384.0,10240.0,10240.0,0.130752
384.0,10240.0,12288.0,0.14928
384.0,10240.0,14336.0,0.170816
384.0,10240.0,16384.0,0.1928
384.0,12288.0,1024.0,0.028608
384.0,12288.0,2048.0,0.04464
384.0,12288.0,2880.0,0.054496
384.0,12288.0,3072.0,0.056832
384.0,12288.0,3584.0,0.063104
384.0,12288.0,4096.0,0.06896
384.0,12288.0,5120.0,0.08224
384.0,12288.0,6144.0,0.096544
384.0,12288.0,7168.0,0.108384
384.0,12288.0,8192.0,0.121408
384.0,12288.0,10240.0,0.146176
384.0,12288.0,12288.0,0.171136
384.0,12288.0,14336.0,0.195296
384.0,12288.0,16384.0,0.220384
384.0,14336.0,1024.0,0.032992
384.0,14336.0,2048.0,0.048288
384.0,14336.0,2880.0,0.061632
384.0,14336.0,3072.0,0.064672
384.0,14336.0,3584.0,0.073952
384.0,14336.0,4096.0,0.083648
384.0,14336.0,5120.0,0.10336
384.0,14336.0,6144.0,0.120992
384.0,14336.0,7168.0,0.137312
384.0,14336.0,8192.0,0.152064
384.0,14336.0,10240.0,0.184608
384.0,14336.0,12288.0,0.21776
384.0,14336.0,14336.0,0.249696
384.0,14336.0,16384.0,0.295328
384.0,16384.0,1024.0,0.035232
384.0,16384.0,2048.0,0.051872
384.0,16384.0,2880.0,0.06576
384.0,16384.0,3072.0,0.069472
384.0,16384.0,3584.0,0.079904
384.0,16384.0,4096.0,0.090496
384.0,16384.0,5120.0,0.109888
384.0,16384.0,6144.0,0.127968
384.0,16384.0,7168.0,0.14496
384.0,16384.0,8192.0,0.162656
384.0,16384.0,10240.0,0.197632
384.0,16384.0,12288.0,0.2496
384.0,16384.0,14336.0,0.28512
384.0,16384.0,16384.0,0.321632
384.0,20480.0,1024.0,0.043968
384.0,20480.0,2048.0,0.067808
384.0,20480.0,2880.0,0.088736
384.0,20480.0,3072.0,0.092064
384.0,20480.0,3584.0,0.105696
384.0,20480.0,4096.0,0.11808
384.0,20480.0,5120.0,0.144128
384.0,20480.0,6144.0,0.16784
384.0,20480.0,7168.0,0.191456
384.0,20480.0,8192.0,0.206016
384.0,20480.0,10240.0,0.250976
384.0,20480.0,12288.0,0.302784
384.0,20480.0,14336.0,0.348096
384.0,20480.0,16384.0,0.410688
384.0,28672.0,1024.0,0.058848
384.0,28672.0,2048.0,0.099008
384.0,28672.0,2880.0,0.127648
384.0,28672.0,3072.0,0.134464
384.0,28672.0,3584.0,0.152256
384.0,28672.0,4096.0,0.169888
384.0,28672.0,5120.0,0.195488
384.0,28672.0,6144.0,0.229344
384.0,28672.0,7168.0,0.262624
384.0,28672.0,8192.0,0.29392
384.0,28672.0,10240.0,0.356352
384.0,28672.0,12288.0,0.43264
384.0,28672.0,14336.0,0.50784
384.0,28672.0,16384.0,0.577536
384.0,32768.0,1024.0,0.059104
384.0,32768.0,2048.0,0.098368
384.0,32768.0,2880.0,0.131712
384.0,32768.0,3072.0,0.13776
384.0,32768.0,3584.0,0.157344
384.0,32768.0,4096.0,0.172768
384.0,32768.0,5120.0,0.209536
384.0,32768.0,6144.0,0.245216
384.0,32768.0,7168.0,0.279872
384.0,32768.0,8192.0,0.328064
384.0,32768.0,10240.0,0.403136
384.0,32768.0,12288.0,0.474368
384.0,32768.0,14336.0,0.578208
384.0,32768.0,16384.0,0.65328
512.0,1024.0,1024.0,0.01808
512.0,1024.0,2048.0,0.019616
512.0,1024.0,2880.0,0.021536
512.0,1024.0,3072.0,0.021824
512.0,1024.0,3584.0,0.023264
512.0,1024.0,4096.0,0.024512
512.0,1024.0,5120.0,0.026912
512.0,1024.0,6144.0,0.028928
512.0,1024.0,7168.0,0.031648
512.0,1024.0,8192.0,0.033472
512.0,1024.0,10240.0,0.039872
512.0,1024.0,12288.0,0.044992
512.0,1024.0,14336.0,0.047648
512.0,1024.0,16384.0,0.05088
512.0,2048.0,1024.0,0.019264
512.0,2048.0,2048.0,0.022304
512.0,2048.0,2880.0,0.024704
512.0,2048.0,3072.0,0.024288
512.0,2048.0,3584.0,0.024832
512.0,2048.0,4096.0,0.028512
512.0,2048.0,5120.0,0.031872
512.0,2048.0,6144.0,0.0368
512.0,2048.0,7168.0,0.038528
512.0,2048.0,8192.0,0.042496
512.0,2048.0,10240.0,0.05136
512.0,2048.0,12288.0,0.059584
512.0,2048.0,14336.0,0.063264
512.0,2048.0,16384.0,0.066304
512.0,2880.0,1024.0,0.019168
512.0,2880.0,2048.0,0.022784
512.0,2880.0,2880.0,0.03981
512.0,2880.0,3072.0,0.026912
512.0,2880.0,3584.0,0.028896
512.0,2880.0,4096.0,0.030848
512.0,2880.0,5120.0,0.035296
512.0,2880.0,6144.0,0.039744
512.0,2880.0,7168.0,0.043936
512.0,2880.0,8192.0,0.046976
512.0,2880.0,10240.0,0.053696
512.0,2880.0,12288.0,0.061696
512.0,2880.0,14336.0,0.070144
512.0,2880.0,16384.0,0.078848
512.0,3072.0,1024.0,0.019232
512.0,3072.0,2048.0,0.024224
512.0,3072.0,2880.0,0.028416
512.0,3072.0,3072.0,0.029312
512.0,3072.0,3584.0,0.031264
512.0,3072.0,4096.0,0.033376
512.0,3072.0,5120.0,0.03968
512.0,3072.0,6144.0,0.044448
512.0,3072.0,7168.0,0.049248
512.0,3072.0,8192.0,0.053344
512.0,3072.0,10240.0,0.066176
512.0,3072.0,12288.0,0.076128
512.0,3072.0,14336.0,0.08672
512.0,3072.0,16384.0,0.095456
512.0,3584.0,1024.0,0.020576
512.0,3584.0,2048.0,0.026496
512.0,3584.0,2880.0,0.030912
512.0,3584.0,3072.0,0.03248
512.0,3584.0,3584.0,0.039745
512.0,3584.0,4096.0,0.037376
512.0,3584.0,5120.0,0.04352
512.0,3584.0,6144.0,0.04512
512.0,3584.0,7168.0,0.04976
512.0,3584.0,8192.0,0.054624
512.0,3584.0,10240.0,0.0648
512.0,3584.0,12288.0,0.076384
512.0,3584.0,14336.0,0.0450249999999999
512.0,3584.0,16384.0,0.099936
512.0,3584.0,18944.0,0.04485
512.0,3600.0,2880.0,0.04493
512.0,4096.0,1024.0,0.019776
512.0,4096.0,2048.0,0.024896
512.0,4096.0,2880.0,0.02912
512.0,4096.0,3072.0,0.030016
512.0,4096.0,3584.0,0.032992
512.0,4096.0,4096.0,0.0447199999999999
512.0,4096.0,5120.0,0.040672
512.0,4096.0,6144.0,0.045472
512.0,4096.0,7168.0,0.0504
512.0,4096.0,8192.0,0.055552
512.0,4096.0,10240.0,0.066112
512.0,4096.0,12288.0,0.04499
512.0,4096.0,12800.0,0.044915
512.0,4096.0,14336.0,0.04485
512.0,4096.0,16384.0,0.103552
512.0,4608.0,3584.0,0.0681899999999999
512.0,5120.0,1024.0,0.021696
512.0,5120.0,2048.0,0.028704
512.0,5120.0,2880.0,0.03552
512.0,5120.0,3072.0,0.036288
512.0,5120.0,3584.0,0.03936
512.0,5120.0,4096.0,0.04224
512.0,5120.0,5112.0,0.06746
512.0,5120.0,5120.0,0.04896
512.0,5120.0,6144.0,0.05536
512.0,5120.0,7168.0,0.062048
512.0,5120.0,8192.0,0.0696
512.0,5120.0,10240.0,0.0856
512.0,5120.0,12288.0,0.101856
512.0,5120.0,14336.0,0.116768
512.0,5120.0,16384.0,0.130208
512.0,5120.0,17408.0,0.068305
512.0,6144.0,1024.0,0.022848
512.0,6144.0,2048.0,0.030752
512.0,6144.0,2880.0,0.037312
512.0,6144.0,3072.0,0.03856
512.0,6144.0,3584.0,0.042528
512.0,6144.0,4096.0,0.068335
512.0,6144.0,5120.0,0.053792
512.0,6144.0,6144.0,0.06144
512.0,6144.0,7168.0,0.069728
512.0,6144.0,8192.0,0.079168
512.0,6144.0,10240.0,0.09792
512.0,6144.0,12288.0,0.115776
512.0,6144.0,14336.0,0.132064
512.0,6144.0,16384.0,0.147904
512.0,6816.0,5120.0,0.05355
512.0,7168.0,1024.0,0.030048
512.0,7168.0,2048.0,0.036384
512.0,7168.0,2880.0,0.043936
512.0,7168.0,3072.0,0.046016
512.0,7168.0,3584.0,0.05277
512.0,7168.0,4096.0,0.05664
512.0,7168.0,5120.0,0.066752
512.0,7168.0,6144.0,0.076928
512.0,7168.0,7168.0,0.05307
512.0,7168.0,8192.0,0.09952
512.0,7168.0,10240.0,0.120832
512.0,7168.0,12288.0,0.140864
512.0,7168.0,14336.0,0.161568
512.0,7168.0,16384.0,0.182048
512.0,7168.0,20480.0,0.052975
512.0,8192.0,1024.0,0.026304
512.0,8192.0,2048.0,0.03728
512.0,8192.0,2880.0,0.045248
512.0,8192.0,3072.0,0.047072
512.0,8192.0,3584.0,0.051936
512.0,8192.0,4096.0,0.056576
512.0,8192.0,5120.0,0.067136
512.0,8192.0,6144.0,0.079072
512.0,8192.0,7168.0,0.091392
512.0,8192.0,8192.0,0.10477
512.0,8192.0,10240.0,0.125312
512.0,8192.0,12288.0,0.146816
512.0,8192.0,14336.0,0.167936
512.0,8192.0,16384.0,0.189536
512.0,8192.0,28672.0,0.1047849999999999
512.0,8192.0,29568.0,0.1047849999999999
512.0,9216.0,7168.0,0.1048949999999999
512.0,10240.0,1024.0,0.029792
512.0,10240.0,2048.0,0.044
512.0,10240.0,2880.0,0.054336
512.0,10240.0,3072.0,0.05648
512.0,10240.0,3584.0,0.06272
512.0,10240.0,4096.0,0.069152
512.0,10240.0,5120.0,0.084416
512.0,10240.0,6144.0,0.099264
512.0,10240.0,7168.0,0.114208
512.0,10240.0,8192.0,0.15822
512.0,10240.0,10240.0,0.156032
512.0,10240.0,12288.0,0.182976
512.0,10240.0,14336.0,0.214624
512.0,10240.0,16384.0,0.24112
512.0,12288.0,1024.0,0.033984
512.0,12288.0,2048.0,0.050048
512.0,12288.0,2880.0,0.063264
512.0,12288.0,3072.0,0.066688
512.0,12288.0,3584.0,0.076416
512.0,12288.0,4096.0,0.15816
512.0,12288.0,5120.0,0.106016
512.0,12288.0,6144.0,0.12304
512.0,12288.0,7168.0,0.139424
512.0,12288.0,8192.0,0.15456
512.0,12288.0,10240.0,0.188864
512.0,12288.0,12288.0,0.222624
512.0,12288.0,14336.0,0.256128
512.0,12288.0,16384.0,0.298944
512.0,12800.0,4096.0,0.1666699999999999
512.0,14336.0,1024.0,0.040992
512.0,14336.0,2048.0,0.063488
512.0,14336.0,2880.0,0.089184
512.0,14336.0,3072.0,0.094016
512.0,14336.0,3584.0,0.16733
512.0,14336.0,4096.0,0.13344
512.0,14336.0,5120.0,0.145632
512.0,14336.0,6144.0,0.158976
512.0,14336.0,7168.0,0.180928
512.0,14336.0,8192.0,0.203232
512.0,14336.0,10240.0,0.24688
512.0,14336.0,12288.0,0.288608
512.0,14336.0,14336.0,0.331296
512.0,14336.0,16384.0,0.382048
512.0,16384.0,1024.0,0.042176
512.0,16384.0,2048.0,0.06432
512.0,16384.0,2880.0,0.084672
512.0,16384.0,3072.0,0.089472
512.0,16384.0,3584.0,0.102592
512.0,16384.0,4096.0,0.114784
512.0,16384.0,5120.0,0.138624
512.0,16384.0,6144.0,0.161632
512.0,16384.0,7168.0,0.184704
512.0,16384.0,8192.0,0.216768
512.0,16384.0,10240.0,0.264704
512.0,16384.0,12288.0,0.311904
512.0,16384.0,14336.0,0.371936
512.0,16384.0,16384.0,0.419712
512.0,17408.0,5120.0,0.323455
512.0,18944.0,3584.0,0.358495
512.0,20480.0,1024.0,0.052576
512.0,20480.0,2048.0,0.08528
512.0,20480.0,2880.0,0.1136
512.0,20480.0,3072.0,0.120576
512.0,20480.0,3584.0,0.135936
512.0,20480.0,4096.0,0.14496
512.0,20480.0,5120.0,0.175104
512.0,20480.0,6144.0,0.205248
512.0,20480.0,7168.0,0.72003
512.0,20480.0,8192.0,0.255296
512.0,20480.0,10240.0,0.316032
512.0,20480.0,12288.0,0.372736
512.0,20480.0,14336.0,0.466272
512.0,20480.0,16384.0,0.527296
512.0,28672.0,1024.0,0.073344
512.0,28672.0,2048.0,0.124512
512.0,28672.0,2880.0,0.16528
512.0,28672.0,3072.0,0.157664
512.0,28672.0,3584.0,0.180288
512.0,28672.0,4096.0,0.201248
512.0,28672.0,5120.0,0.244448
512.0,28672.0,6144.0,0.276672
512.0,28672.0,7168.0,0.315904
512.0,28672.0,8192.0,0.26216
512.0,28672.0,10240.0,0.432736
512.0,28672.0,12288.0,0.520544
512.0,28672.0,14336.0,0.636416
512.0,28672.0,16384.0,0.721664
512.0,29568.0,8192.0,0.366975
512.0,32000.0,4096.0,0.36747
512.0,32768.0,1024.0,0.07152
512.0,32768.0,2048.0,0.123456
512.0,32768.0,2880.0,0.163456
512.0,32768.0,3072.0,0.172416
512.0,32768.0,3584.0,0.198464
512.0,32768.0,4096.0,0.228896
512.0,32768.0,5120.0,0.278016
512.0,32768.0,6144.0,0.326144
512.0,32768.0,7168.0,0.37328
512.0,32768.0,8192.0,0.419744
512.0,32768.0,10240.0,0.514464
512.0,32768.0,12288.0,0.618912
512.0,32768.0,14336.0,0.71536
512.0,32768.0,16384.0,0.817152
512.0,49155.0,4096.0,0.83125
512.0,64000.0,7168.0,0.8303849999999999
512.0,128256.0,4096.0,0.68357
512.0,128256.0,8192.0,0.684145
512.0,131072.0,2880.0,0.850865
512.0,152064.0,3584.0,0.851375
512.0,152064.0,8192.0,0.6173
512.0,248320.0,4096.0,0.61744
512.0,248320.0,5120.0,0.012145
512.0,256000.0,3584.0,0.012195
1024.0,2880.0,2880.0,0.01216
1024.0,3584.0,3584.0,0.01219
1024.0,3584.0,14336.0,0.012175
1024.0,3584.0,18944.0,0.01443
1024.0,3600.0,2880.0,0.01424
1024.0,4096.0,4096.0,0.0415
1024.0,4096.0,12288.0,0.042335
1024.0,4096.0,12800.0,0.05243
1024.0,4096.0,14336.0,0.013005
1024.0,4608.0,3584.0,0.012945
1024.0,5120.0,5112.0,0.017715
1024.0,5120.0,17408.0,0.01795
1024.0,6144.0,4096.0,0.041295
1024.0,6816.0,5120.0,0.041345
1024.0,7168.0,3584.0,0.0416
1024.0,7168.0,7168.0,0.0417449999999999
1024.0,7168.0,20480.0,0.04614
1024.0,8192.0,8192.0,0.045725
1024.0,8192.0,28672.0,0.0460649999999999
1024.0,8192.0,29568.0,0.04581
1024.0,9216.0,7168.0,0.0172949999999999
1024.0,10240.0,8192.0,0.01728
1024.0,12288.0,4096.0,0.02552
1024.0,12800.0,4096.0,0.066305
1024.0,14336.0,3584.0,0.024655
1024.0,14336.0,4096.0,0.027805
1024.0,17408.0,5120.0,0.04069
1024.0,18944.0,3584.0,0.10307
1024.0,20480.0,7168.0,0.050415
1024.0,28672.0,8192.0,0.1604799999999999
1024.0,29568.0,8192.0,0.1667
1024.0,32000.0,4096.0,0.05066
1024.0,49155.0,4096.0,0.0510599999999999
1024.0,64000.0,7168.0,0.062835
1024.0,128256.0,4096.0,0.06245
1024.0,128256.0,8192.0,0.042465
1024.0,131072.0,2880.0,0.04205
1024.0,152064.0,3584.0,0.0421099999999999
1024.0,152064.0,8192.0,0.042095
1024.0,248320.0,4096.0,0.04269
1024.0,248320.0,5120.0,0.042625
1024.0,256000.0,3584.0,0.0427499999999999
2048.0,2880.0,2880.0,0.042225
2048.0,3584.0,3584.0,0.04008
2048.0,3584.0,14336.0,0.040435
2048.0,3584.0,18944.0,0.040365
2048.0,3600.0,2880.0,0.040785
2048.0,4096.0,4096.0,0.04549
2048.0,4096.0,12288.0,0.045395
2048.0,4096.0,12800.0,0.0454399999999999
2048.0,4096.0,14336.0,0.04557
2048.0,4608.0,3584.0,0.04598
2048.0,5120.0,5112.0,0.0452
2048.0,5120.0,17408.0,0.045715
2048.0,6144.0,4096.0,0.067695
2048.0,6816.0,5120.0,0.067935
2048.0,7168.0,3584.0,0.0679999999999999
2048.0,7168.0,7168.0,0.066865
2048.0,7168.0,20480.0,0.053955
2048.0,8192.0,8192.0,0.053375
2048.0,8192.0,28672.0,0.053425
2048.0,8192.0,29568.0,0.0535849999999999
2048.0,9216.0,7168.0,0.103135
2048.0,10240.0,8192.0,0.10296
2048.0,12288.0,4096.0,0.1030099999999999
2048.0,12800.0,4096.0,0.16032
2048.0,14336.0,3584.0,0.1604349999999998
2048.0,14336.0,4096.0,0.167885
2048.0,17408.0,5120.0,0.097165
2048.0,18944.0,3584.0,0.6404150000000001
2048.0,20480.0,7168.0,0.32026
2048.0,28672.0,8192.0,0.3626049999999999
2048.0,29568.0,8192.0,0.72358
2048.0,32000.0,4096.0,0.264275
2048.0,49155.0,4096.0,0.26402
2048.0,64000.0,7168.0,0.3703349999999999
2048.0,128256.0,4096.0,0.370445
2048.0,128256.0,8192.0,0.835325
2048.0,131072.0,2880.0,0.835485
2048.0,152064.0,3584.0,0.68947
2048.0,152064.0,8192.0,0.6899649999999999
2048.0,248320.0,4096.0,0.854865
2048.0,248320.0,5120.0,0.85219
2048.0,256000.0,3584.0,0.6244149999999999
4096.0,2880.0,2880.0,0.622355
4096.0,3584.0,3584.0,0.0122749999999999
4096.0,3584.0,14336.0,0.01242
4096.0,3584.0,18944.0,0.01216
4096.0,3600.0,2880.0,0.01224
4096.0,4096.0,4096.0,0.0122899999999999
4096.0,4096.0,12288.0,0.01222
4096.0,4096.0,12800.0,0.0122899999999999
4096.0,4096.0,14336.0,0.01224
4096.0,4608.0,3584.0,0.014465
4096.0,5120.0,5112.0,0.0145899999999999
4096.0,5120.0,17408.0,0.0427349999999999
4096.0,6144.0,4096.0,0.04312
4096.0,6816.0,5120.0,0.0534749999999999
4096.0,7168.0,3584.0,0.052815
4096.0,7168.0,7168.0,0.0127
4096.0,7168.0,20480.0,0.0125599999999999
4096.0,8192.0,8192.0,0.01808
4096.0,8192.0,28672.0,0.0180649999999999
4096.0,8192.0,29568.0,0.04208
4096.0,9216.0,7168.0,0.04227
4096.0,10240.0,8192.0,0.042705
4096.0,12288.0,4096.0,0.046335
4096.0,12800.0,4096.0,0.04646
4096.0,14336.0,3584.0,0.01739
4096.0,14336.0,4096.0,0.0252
4096.0,17408.0,5120.0,0.068845
4096.0,18944.0,3584.0,0.0243
4096.0,20480.0,7168.0,0.029585
4096.0,28672.0,8192.0,0.02472
4096.0,29568.0,8192.0,0.0404299999999999
4096.0,32000.0,4096.0,0.0410899999999999
4096.0,49155.0,4096.0,0.104595
4096.0,64000.0,7168.0,0.1044499999999999
4096.0,128256.0,4096.0,0.05053
4096.0,128256.0,8192.0,0.05091
4096.0,131072.0,2880.0,0.163105
4096.0,152064.0,3584.0,0.163615
4096.0,152064.0,8192.0,0.16893
4096.0,248320.0,4096.0,0.1684999999999999
4096.0,248320.0,5120.0,0.049405
4096.0,256000.0,3584.0,0.050145
8192.0,2880.0,2880.0,0.06096
8192.0,3584.0,3584.0,0.060785
8192.0,3584.0,14336.0,0.03978
8192.0,3584.0,18944.0,0.039855
8192.0,3600.0,2880.0,0.04024
8192.0,4096.0,4096.0,0.040275
8192.0,4096.0,12288.0,0.04387
8192.0,4096.0,12800.0,0.04334
8192.0,4096.0,14336.0,0.042865
8192.0,4608.0,3584.0,0.04288
8192.0,5120.0,5112.0,0.040735
8192.0,5120.0,17408.0,0.0405149999999999
8192.0,6144.0,4096.0,0.040385
8192.0,6816.0,5120.0,0.04093
8192.0,7168.0,3584.0,0.045165
8192.0,7168.0,7168.0,0.04549
8192.0,7168.0,20480.0,0.04512
8192.0,8192.0,8192.0,0.04507
8192.0,8192.0,28672.0,0.0453299999999999
8192.0,8192.0,29568.0,0.045185
8192.0,9216.0,7168.0,0.045935
8192.0,10240.0,8192.0,0.04563
8192.0,12288.0,4096.0,0.06901
8192.0,12800.0,4096.0,0.069075
8192.0,14336.0,3584.0,0.05352
8192.0,14336.0,4096.0,0.0541099999999999
8192.0,17408.0,5120.0,0.117775
8192.0,18944.0,3584.0,0.117725
8192.0,20480.0,7168.0,0.1662199999999999
8192.0,28672.0,8192.0,0.1663
8192.0,29568.0,8192.0,0.17053
8192.0,32000.0,4096.0,0.17066
8192.0,49155.0,4096.0,0.170335
8192.0,64000.0,7168.0,0.10147
8192.0,128256.0,4096.0,0.103005
8192.0,128256.0,8192.0,0.570705
8192.0,131072.0,2880.0,0.569825
8192.0,152064.0,3584.0,0.328735
8192.0,152064.0,8192.0,0.32984
8192.0,248320.0,4096.0,0.3657149999999999
8192.0,248320.0,5120.0,0.3660799999999999
8192.0,256000.0,3584.0,0.727325
